Employee_Name,EmpID,MarriedID,MaritalStatusID,GenderID,EmpStatusID,DeptID,PerfScoreID,FromDiversityJobFairID,Salary,Termd,PositionID,Position,State,Zip,DOB,Sex,MaritalDesc,CitizenDesc,HispanicLatino,RaceDesc,DateofHire,DateofTermination,TermReason,EmploymentStatus,Department,ManagerName,ManagerID,RecruitmentSource,PerformanceScore,EngagementSurvey,EmpSatisfaction,SpecialProjectsCount,LastPerformanceReview_Date,DaysLateLast30,Absences,HireYear,HireMonth,HireMonthName,TenureYears,IsActive
"Adinolfi, Wilson  K",10026,0,0,1,1,5,4,0,62506,0,19,Production Technician I,MA,1960,07/10/83,M,Single,US Citizen,No,White,2011-07-05,,Still Employed,Active,Production,Michael Albert,22,Linkedin,Exceeds,4.6,5,0,1/17/2019,0,1,2011,7,Jul,7.49,1
"Ait Sidi, Karthikeyan   ",10084,1,1,1,5,3,3,0,104437,1,27,Sr. Dba,MA,2148,05/05/75,M,Married,US Citizen,No,White,2015-03-30,2016-06-16,Career Change,Voluntarily Terminated,IT/IS,Simon Roup,4,Indeed,Fully Meets,4.96,3,6,2/24/2016,0,17,2015,3,Mar,1.22,0
"Akinkuolie, Sarah",10196,1,1,0,5,5,3,0,64955,1,20,Production Technician Ii,MA,1810,09/19/88,F,Married,US Citizen,No,White,2011-07-05,2012-09-24,Hours,Voluntarily Terminated,Production,Kissy Sullivan,20,Linkedin,Fully Meets,3.02,3,0,5/15/2012,0,3,2011,7,Jul,1.22,0
"Alagbe,Trina",10088,1,1,0,1,5,3,0,64991,0,19,Production Technician I,MA,1886,09/27/88,F,Married,US Citizen,No,White,2008-01-07,,Still Employed,Active,Production,Elijiah Gray,16,Indeed,Fully Meets,4.84,5,0,1/3/2019,0,15,2008,1,Jan,10.98,1
"Anderson, Carol ",10069,0,2,0,5,5,3,0,50825,1,19,Production Technician I,MA,2169,09/08/89,F,Divorced,US Citizen,No,White,2011-07-11,2016-09-06,Return To School,Voluntarily Terminated,Production,Webster Butler,39,Google Search,Fully Meets,5.0,4,0,2/1/2016,0,2,2011,7,Jul,5.16,0
"Anderson, Linda  ",10002,0,0,0,1,5,4,0,57568,0,19,Production Technician I,MA,1844,05/22/77,F,Single,US Citizen,No,White,2012-01-09,,Still Employed,Active,Production,Amy Dunn,11,Linkedin,Exceeds,5.0,5,0,1/7/2019,0,15,2012,1,Jan,6.98,1
"Andreola, Colby",10194,0,0,0,1,4,3,0,95660,0,24,Software Engineer,MA,2110,05/24/79,F,Single,US Citizen,No,White,2014-11-10,,Still Employed,Active,Software Engineering,Alex Sweetwater,10,Linkedin,Fully Meets,3.04,3,4,1/2/2019,0,19,2014,11,Nov,4.14,1
"Athwal, Sam",10062,0,4,1,1,5,3,0,59365,0,19,Production Technician I,MA,2199,02/18/83,M,Widowed,US Citizen,No,White,2013-09-30,,Still Employed,Active,Production,Ketsia Liebig,19,Employee Referral,Fully Meets,5.0,4,0,2/25/2019,0,19,2013,9,Sep,5.25,1
"Bachiochi, Linda",10114,0,0,0,3,5,3,1,47837,0,19,Production Technician I,MA,1902,02/11/70,F,Single,US Citizen,No,Black Or African American,2009-07-06,,Still Employed,Active,Production,Brannon Miller,12,Diversity Job Fair,Fully Meets,4.46,3,0,1/25/2019,0,4,2009,7,Jul,9.49,1
"Bacong, Alejandro ",10250,0,2,1,1,3,3,0,50178,0,14,It Support,MA,1886,01/07/88,M,Divorced,US Citizen,No,White,2015-01-05,,Still Employed,Active,IT/IS,Peter Monroe,7,Indeed,Fully Meets,5.0,5,6,2/18/2019,0,16,2015,1,Jan,3.99,1
"Baczenski, Rachael  ",10252,1,1,0,5,5,3,1,54670,1,19,Production Technician I,MA,1902,01/12/74,F,Married,US Citizen,Yes,Black Or African American,2011-01-10,2017-01-12,Another Position,Voluntarily Terminated,Production,David Stanley,14,Diversity Job Fair,Fully Meets,4.2,4,0,1/30/2016,0,12,2011,1,Jan,6.01,0
"Barbara, Thomas",10242,1,1,1,5,5,3,1,47211,1,19,Production Technician I,MA,2062,02/21/74,M,Married,US Citizen,Yes,Black Or African American,2012-04-02,2016-09-19,Unhappy,Voluntarily Terminated,Production,Kissy Sullivan,20,Diversity Job Fair,Fully Meets,4.2,3,0,5/6/2016,0,15,2012,4,Apr,4.47,0
"Barbossa, Hector",10012,0,2,1,1,3,4,1,92328,0,9,Data Analyst,TX,78230,07/04/88,M,Divorced,US Citizen,No,Black Or African American,2014-11-10,,Still Employed,Active,IT/IS,Simon Roup,4,Diversity Job Fair,Exceeds,4.28,4,5,2/25/2019,0,9,2014,11,Nov,4.14,1
"Barone, Francesco  A",10265,0,0,1,1,5,3,0,58709,0,19,Production Technician I,MA,1810,07/20/83,M,Single,US Citizen,No,Two Or More Races,2012-02-20,,Still Employed,Active,Production,Kelley Spirea,18,Google Search,Fully Meets,4.6,4,0,2/14/2019,0,7,2012,2,Feb,6.86,1
"Barton, Nader",10066,0,2,1,5,5,3,0,52505,1,19,Production Technician I,MA,2747,07/15/77,M,Divorced,US Citizen,No,White,2012-09-24,2017-04-06,Another Position,Voluntarily Terminated,Production,Michael Albert,22,On-Line Web Application,Fully Meets,5.0,5,0,3/2/2017,0,1,2012,9,Sep,4.53,0
"Bates, Norman",10061,0,0,1,4,5,3,0,57834,1,19,Production Technician I,MA,2050,10/18/81,M,Single,US Citizen,No,White,2011-02-21,2017-08-04,Attendance,Terminated For Cause,Production,Kelley Spirea,18,Google Search,Fully Meets,5.0,4,0,4/5/2017,0,20,2011,2,Feb,6.45,0
"Beak, Kimberly  ",10023,1,1,0,2,5,4,0,70131,0,20,Production Technician Ii,MA,2145,04/17/66,F,Married,US Citizen,No,White,2016-07-21,,Still Employed,Active,Production,Kelley Spirea,18,Employee Referral,Exceeds,4.4,3,0,1/14/2019,0,16,2016,7,Jul,2.45,1
"Beatrice, Courtney ",10055,0,0,0,1,5,3,0,59026,0,19,Production Technician I,MA,1915,10/27/70,F,Single,Eligible NonCitizen,No,White,2011-04-04,,Still Employed,Active,Production,Elijiah Gray,16,Google Search,Fully Meets,5.0,5,0,1/14/2019,0,12,2011,4,Apr,7.75,1
"Becker, Renee",10245,0,0,0,4,3,3,0,110000,1,8,Database Administrator,MA,2026,04/04/86,F,Single,US Citizen,Yes,White,2014-07-07,2015-09-12,Performance,Terminated For Cause,IT/IS,Simon Roup,4,Google Search,Fully Meets,4.5,4,5,1/15/2015,0,8,2014,7,Jul,1.18,0
"Becker, Scott",10277,0,0,1,3,5,3,0,53250,0,19,Production Technician I,MA,2452,04/06/79,M,Single,US Citizen,No,Asian,2013-07-08,,Still Employed,Active,Production,Webster Butler,39,Linkedin,Fully Meets,4.2,4,0,1/11/2019,0,13,2013,7,Jul,5.48,1
"Bernstein, Sean",10046,0,0,1,1,5,3,0,51044,0,19,Production Technician I,MA,2072,12/22/70,M,Single,US Citizen,Yes,White,2012-04-02,,Still Employed,Active,Production,Amy Dunn,11,Google Search,Fully Meets,5.0,3,0,1/14/2019,0,13,2012,4,Apr,6.75,1
"Biden, Lowan  M",10226,0,2,0,1,5,3,0,64919,0,19,Production Technician I,MA,2027,12/27/58,F,Divorced,US Citizen,No,Asian,2013-08-19,,Still Employed,Active,Production,Ketsia Liebig,19,Indeed,Fully Meets,4.2,3,0,1/10/2019,0,2,2013,8,Aug,5.37,1
"Billis, Helen",10003,1,1,0,1,5,4,0,62910,0,19,Production Technician I,MA,2031,09/01/89,F,Married,US Citizen,No,White,2014-07-07,,Still Employed,Active,Production,Brannon Miller,12,Indeed,Exceeds,5.0,3,0,2/27/2019,0,19,2014,7,Jul,4.49,1
"Blount, Dianna",10294,0,0,0,1,5,2,0,66441,0,20,Production Technician Ii,MA,2171,09/21/90,F,Single,US Citizen,No,White,2011-04-04,,Still Employed,Active,Production,Michael Albert,22,Careerbuilder,Needs Improvement,2.0,3,0,2/27/2019,2,3,2011,4,Apr,7.75,1
"Bondwell, Betsy",10267,0,0,0,5,5,3,0,57815,1,20,Production Technician Ii,MA,2210,01/16/67,F,Single,US Citizen,No,White,2011-01-10,2014-04-04,Career Change,Voluntarily Terminated,Production,Elijiah Gray,16,Google Search,Fully Meets,4.8,5,0,3/4/2014,0,5,2011,1,Jan,3.23,0
"Booth, Frank",10199,0,0,1,4,3,3,0,103613,1,30,Enterprise Architect,CT,6033,07/30/64,M,Single,US Citizen,No,Black Or African American,2014-02-17,2016-02-19,Learned That He Is A Gangster,Terminated For Cause,IT/IS,Simon Roup,4,Linkedin,Fully Meets,3.5,5,7,1/10/2016,0,2,2014,2,Feb,2.0,0
"Boutwell, Bonalyn",10081,1,1,0,1,1,3,1,106367,0,26,Sr. Accountant,MA,2468,04/04/87,F,Married,US Citizen,No,Black Or African American,2015-02-16,,Still Employed,Active,Admin Offices,Brandon R. Leblanc,3,Diversity Job Fair,Fully Meets,5.0,4,3,2/18/2019,0,4,2015,2,Feb,3.87,1
"Bozzi, Charles",10175,0,0,1,5,5,3,0,74312,1,18,Production Manager,MA,1901,03/10/70,M,Single,US Citizen,No,Asian,2013-09-30,2014-08-07,Retiring,Voluntarily Terminated,Production,Janet King,2,Indeed,Fully Meets,3.39,3,0,2/20/2014,0,14,2013,9,Sep,0.85,0
"Brill, Donna",10177,1,1,0,5,5,3,0,53492,1,19,Production Technician I,MA,1701,08/24/90,F,Married,US Citizen,No,White,2012-04-02,2013-06-15,Another Position,Voluntarily Terminated,Production,David Stanley,14,Google Search,Fully Meets,3.35,4,0,3/4/2013,0,6,2012,4,Apr,1.2,0
"Brown, Mia",10238,1,1,0,1,1,3,1,63000,0,1,Accountant I,MA,1450,11/24/87,F,Married,US Citizen,No,Black Or African American,2008-10-27,,Still Employed,Active,Admin Offices,Brandon R. Leblanc,1,Diversity Job Fair,Fully Meets,4.5,2,6,1/15/2019,0,14,2008,10,Oct,10.18,1
"Buccheri, Joseph  ",10184,0,0,1,1,5,3,0,65288,0,20,Production Technician Ii,MA,1013,07/28/83,M,Single,US Citizen,No,White,2014-09-29,,Still Employed,Active,Production,Webster Butler,39,Google Search,Fully Meets,3.19,3,0,2/1/2019,0,9,2014,9,Sep,4.26,1
"Bugali, Josephine ",10203,0,3,0,3,5,3,1,64375,0,19,Production Technician I,MA,2043,10/30/69,F,Separated,US Citizen,No,Black Or African American,2013-11-11,,Still Employed,Active,Production,Kissy Sullivan,20,Diversity Job Fair,Fully Meets,3.5,5,0,1/21/2019,0,17,2013,11,Nov,5.14,1
"Bunbury, Jessica",10188,1,1,0,5,6,3,0,74326,1,3,Area Sales Manager,VA,21851,06/01/64,F,Married,Eligible NonCitizen,No,Black Or African American,2011-08-15,2014-08-02,Another Position,Voluntarily Terminated,Sales,John Smith,17,Google Search,Fully Meets,3.14,5,0,2/10/2013,1,19,2011,8,Aug,2.97,0
"Burke, Joelle",10107,0,0,0,1,5,3,0,63763,0,20,Production Technician Ii,MA,2148,03/02/80,F,Single,US Citizen,No,Black Or African American,2012-03-05,,Still Employed,Active,Production,Amy Dunn,11,Employee Referral,Fully Meets,4.51,4,0,2/21/2019,0,3,2012,3,Mar,6.83,1
"Burkett, Benjamin ",10181,1,1,1,1,5,3,0,62162,0,20,Production Technician Ii,MA,1890,08/19/77,M,Married,US Citizen,No,White,2011-04-04,,Still Employed,Active,Production,Ketsia Liebig,19,Indeed,Fully Meets,3.25,5,0,1/14/2019,0,15,2011,4,Apr,7.75,1
"Cady, Max ",10150,0,0,1,1,4,3,0,77692,0,25,Software Engineering Manager,MA,2184,11/22/66,M,Single,US Citizen,No,White,2011-08-15,,Still Employed,Active,Software Engineering,Jennifer Zamora,5,Google Search,Fully Meets,3.84,3,5,1/21/2019,0,4,2011,8,Aug,7.38,1
"Candie, Calvin",10001,0,0,1,1,5,4,0,72640,0,18,Production Manager,MA,2169,08/09/83,M,Single,US Citizen,No,White,2016-01-28,,Still Employed,Active,Production,Janet King,2,Indeed,Exceeds,5.0,3,0,2/22/2019,0,14,2016,1,Jan,2.93,1
"Carabbio, Judith",10085,0,0,0,1,4,3,0,93396,0,24,Software Engineer,MA,2132,04/05/87,F,Single,US Citizen,No,White,2013-11-11,,Still Employed,Active,Software Engineering,Alex Sweetwater,10,Indeed,Fully Meets,4.96,4,6,1/30/2019,0,3,2013,11,Nov,5.14,1
"Carey, Michael  ",10115,0,0,1,1,5,3,0,52846,0,19,Production Technician I,MA,1701,02/02/83,M,Single,US Citizen,No,Black Or African American,2014-03-31,,Still Employed,Active,Production,Kelley Spirea,18,Linkedin,Fully Meets,4.43,3,0,2/1/2019,0,14,2014,3,Mar,4.76,1
"Carr, Claudia  N",10082,0,0,0,2,3,3,0,100031,0,27,Sr. Dba,MA,1886,06/06/86,F,Single,US Citizen,No,Black Or African American,2016-06-30,,Still Employed,Active,IT/IS,Simon Roup,4,Linkedin,Fully Meets,5.0,5,6,2/18/2019,0,7,2016,6,Jun,2.51,1
"Carter, Michelle ",10040,0,0,0,1,6,3,0,71860,0,3,Area Sales Manager,VT,5664,05/15/63,F,Single,US Citizen,No,White,2014-08-18,,Still Employed,Active,Sales,John Smith,17,Indeed,Fully Meets,5.0,5,0,1/21/2019,0,7,2014,8,Aug,4.37,1
"Chace, Beatrice ",10067,0,0,0,1,5,3,0,61656,0,19,Production Technician I,MA,2763,01/02/51,F,Single,US Citizen,No,White,2014-09-29,,Still Employed,Active,Production,Michael Albert,22,Google Search,Fully Meets,5.0,4,0,2/12/2019,0,11,2014,9,Sep,4.26,1
"Champaigne, Brian",10108,1,1,1,1,3,3,0,110929,0,5,Bi Director,MA,2045,02/09/72,M,Married,US Citizen,No,White,2016-09-06,,Still Employed,Active,IT/IS,Jennifer Zamora,5,Indeed,Fully Meets,4.5,5,7,1/15/2019,0,8,2016,9,Sep,2.32,1
"Chan, Lin",10210,0,0,0,1,5,3,0,54237,0,19,Production Technician I,MA,2170,02/12/79,F,Single,US Citizen,No,White,2014-05-12,,Still Employed,Active,Production,Elijiah Gray,16,Indeed,Fully Meets,3.3,4,0,2/19/2019,0,11,2014,5,May,4.64,1
"Chang, Donovan  E",10154,0,0,1,1,5,3,0,60380,0,19,Production Technician I,MA,1845,08/24/83,M,Single,US Citizen,No,White,2013-07-08,,Still Employed,Active,Production,Webster Butler,39,Linkedin,Fully Meets,3.8,5,0,1/14/2019,0,4,2013,7,Jul,5.48,1
"Chigurh, Anton",10200,0,0,1,1,6,3,0,66808,0,3,Area Sales Manager,TX,78207,06/11/70,M,Single,Eligible NonCitizen,No,Black Or African American,2012-05-14,,Still Employed,Active,Sales,Lynn Daneault,21,Employee Referral,Fully Meets,3.0,5,0,1/19/2019,0,17,2012,5,May,6.63,1
"Chivukula, Enola",10240,0,0,0,5,5,3,0,64786,1,19,Production Technician I,MA,1775,08/27/83,F,Single,US Citizen,No,White,2011-06-27,2015-11-15,Relocation Out Of Area,Voluntarily Terminated,Production,Amy Dunn,11,Indeed,Fully Meets,4.3,4,0,3/10/2015,0,3,2011,6,Jun,4.39,0
"Cierpiszewski, Caroline  ",10168,0,0,0,1,5,3,0,64816,0,19,Production Technician I,MA,2044,05/31/88,F,Single,Non-Citizen,No,Black Or African American,2011-10-03,,Still Employed,Active,Production,Ketsia Liebig,19,Indeed,Fully Meets,3.58,5,0,1/30/2019,0,3,2011,10,Oct,7.25,1
"Clayton, Rick",10220,0,0,1,1,3,3,0,68678,0,14,It Support,MA,2170,09/05/85,M,Single,US Citizen,No,White,2012-09-05,,Still Employed,Active,IT/IS,Eric Dougall,6,Indeed,Fully Meets,4.7,3,6,2/27/2019,0,2,2012,9,Sep,6.32,1
"Cloninger, Jennifer",10275,1,1,0,5,5,3,0,64066,1,20,Production Technician Ii,MA,1752,08/31/81,F,Married,US Citizen,No,White,2011-05-16,2013-01-07,Unhappy,Voluntarily Terminated,Production,Brannon Miller,12,Google Search,Fully Meets,4.2,5,0,5/3/2012,0,9,2011,5,May,1.65,0
"Close, Phil",10269,1,1,1,5,5,3,0,59369,1,20,Production Technician Ii,MA,2169,11/25/78,M,Married,US Citizen,No,White,2010-08-30,2011-09-26,Career Change,Voluntarily Terminated,Production,David Stanley,14,Indeed,Fully Meets,4.2,4,0,5/4/2011,0,6,2010,8,Aug,1.07,0
"Clukey, Elijian",10029,1,1,1,2,5,4,0,50373,0,19,Production Technician I,MA,2134,08/26/80,M,Married,US Citizen,No,White,2016-07-06,,Still Employed,Active,Production,Brannon Miller,12,Employee Referral,Exceeds,4.1,4,0,2/28/2019,0,5,2016,7,Jul,2.49,1
"Cockel, James",10261,0,0,1,1,5,3,0,63108,0,19,Production Technician I,MA,2452,09/08/77,M,Single,US Citizen,No,White,2013-07-08,,Still Employed,Active,Production,David Stanley,14,Employee Referral,Fully Meets,4.4,5,0,1/14/2019,0,3,2013,7,Jul,5.48,1
"Cole, Spencer",10292,0,0,1,4,5,2,0,59144,1,19,Production Technician I,MA,1880,08/12/79,M,Single,US Citizen,No,Black Or African American,2011-07-11,2016-09-23,Performance,Terminated For Cause,Production,Kissy Sullivan,20,Linkedin,Needs Improvement,2.0,3,0,5/1/2016,5,16,2011,7,Jul,5.2,0
"Corleone, Michael",10282,0,2,1,1,5,2,0,68051,0,18,Production Manager,MA,1803,12/17/75,M,Divorced,US Citizen,No,White,2010-07-20,,Still Employed,Active,Production,Janet King,2,Careerbuilder,Needs Improvement,4.13,2,0,1/14/2019,3,3,2010,7,Jul,8.45,1
"Corleone, Vito",10019,0,0,1,1,5,4,0,170500,0,10,Director Of Operations,MA,2030,03/19/83,M,Single,US Citizen,No,Black Or African American,2009-01-05,,Still Employed,Active,Production,Janet King,2,Indeed,Exceeds,3.7,5,0,2/4/2019,0,15,2009,1,Jan,9.99,1
"Cornett, Lisa ",10094,1,1,0,1,5,3,0,63381,0,19,Production Technician I,MA,2189,03/31/77,F,Married,US Citizen,Yes,White,2015-01-05,,Still Employed,Active,Production,Kelley Spirea,18,Indeed,Fully Meets,4.73,5,0,2/14/2019,0,6,2015,1,Jan,3.99,1
"Costello, Frank",10193,1,1,1,1,3,3,0,83552,0,9,Data Analyst,MA,1810,08/26/86,M,Married,US Citizen,No,White,2015-03-30,,Still Employed,Active,IT/IS,Simon Roup,4,Indeed,Fully Meets,3.04,3,6,1/22/2019,0,2,2015,3,Mar,3.76,1
"Crimmings,   Jean",10132,0,0,0,2,5,3,0,56149,0,19,Production Technician I,MA,1821,04/10/87,F,Single,US Citizen,No,White,2016-07-06,,Still Employed,Active,Production,Michael Albert,22,Linkedin,Fully Meets,4.12,5,0,1/28/2019,0,15,2016,7,Jul,2.49,1
"Cross, Noah",10083,0,0,1,1,3,3,0,92329,0,28,Sr. Network Engineer,CT,6278,09/09/65,M,Single,US Citizen,No,White,2014-11-10,,Still Employed,Active,IT/IS,Peter Monroe,7,Employee Referral,Fully Meets,5.0,3,4,1/2/2019,0,5,2014,11,Nov,4.14,1
"Daneault, Lynn",10099,0,0,0,1,6,3,0,65729,0,21,Sales Manager,VT,5473,04/19/90,F,Single,US Citizen,No,White,2014-05-05,,Still Employed,Active,Sales,Debra Houlihan,15,Indeed,Fully Meets,4.62,4,0,1/24/2019,0,8,2014,5,May,4.66,1
"Daniele, Ann  ",10212,1,1,0,3,3,3,0,85028,0,28,Sr. Network Engineer,CT,6033,01/18/52,F,Married,US Citizen,No,White,2014-11-10,,Still Employed,Active,IT/IS,Peter Monroe,7,Linkedin,Fully Meets,3.1,5,8,2/12/2019,0,19,2014,11,Nov,4.14,1
"Darson, Jene'ya ",10056,1,1,0,1,5,3,0,57583,0,19,Production Technician I,MA,2110,11/05/78,F,Married,US Citizen,No,White,2012-07-02,,Still Employed,Active,Production,Elijiah Gray,16,Indeed,Fully Meets,5.0,3,0,2/25/2019,0,1,2012,7,Jul,6.5,1
"Davis, Daniel",10143,0,0,1,1,5,3,0,56294,0,20,Production Technician Ii,MA,2458,09/14/79,M,Single,Eligible NonCitizen,No,Two Or More Races,2011-11-07,,Still Employed,Active,Production,Kissy Sullivan,20,Linkedin,Fully Meets,3.96,4,0,2/27/2019,0,6,2011,11,Nov,7.15,1
"Dee, Randy",10311,1,1,1,1,6,1,0,56991,0,19,Production Technician I,MA,2138,04/15/88,M,Married,US Citizen,No,White,2018-07-09,,Still Employed,Active,Production,Brannon Miller,12,Indeed,Fully Meets,4.3,4,3,1/31/2019,2,2,2018,7,Jul,0.48,1
"DeGweck,  James",10070,1,1,1,5,5,3,0,55722,1,19,Production Technician I,MA,1810,10/31/77,M,Married,US Citizen,No,White,2011-05-16,2016-06-08,Unhappy,Voluntarily Terminated,Production,Webster Butler,39,Indeed,Fully Meets,5.0,4,0,4/2/2016,0,14,2011,5,May,5.07,0
"Del Bosque, Keyla",10155,0,0,0,1,4,3,0,101199,0,24,Software Engineer,MA,2176,07/05/79,F,Single,US Citizen,No,Black Or African American,2012-01-09,,Still Employed,Active,Software Engineering,Alex Sweetwater,10,Careerbuilder,Fully Meets,3.79,5,5,1/25/2019,0,8,2012,1,Jan,6.98,1
"Delarge, Alex",10306,0,0,1,1,6,1,0,61568,0,3,Area Sales Manager,AL,36006,11/02/75,M,Single,US Citizen,No,Two Or More Races,2014-09-29,,Still Employed,Active,Sales,John Smith,17,Indeed,Pip,1.93,3,0,1/30/2019,6,5,2014,9,Sep,4.26,1
"Demita, Carla",10100,0,3,0,5,5,3,0,58275,1,20,Production Technician Ii,MA,2343,02/25/51,F,Separated,US Citizen,No,Black Or African American,2011-04-04,2015-11-04,More Money,Voluntarily Terminated,Production,Kelley Spirea,18,Google Search,Fully Meets,4.62,5,0,5/6/2015,0,1,2011,4,Apr,4.59,0
"Desimone, Carl ",10310,1,1,1,1,5,1,0,53189,0,19,Production Technician I,MA,2061,04/19/67,M,Married,US Citizen,No,White,2014-07-07,,Still Employed,Active,Production,Amy Dunn,11,Indeed,Pip,1.12,2,0,1/31/2019,4,9,2014,7,Jul,4.49,1
"DeVito, Tommy",10197,0,0,1,1,3,3,0,96820,0,4,Bi Developer,MA,2045,09/04/83,M,Single,US Citizen,No,White,2017-02-15,,Still Employed,Active,IT/IS,Brian Champaigne,13,Indeed,Fully Meets,3.01,5,7,1/23/2019,0,15,2017,2,Feb,1.88,1
"Dickinson, Geoff ",10276,0,0,1,1,5,3,0,51259,0,19,Production Technician I,MA,2180,11/15/82,M,Single,US Citizen,No,White,2014-05-12,,Still Employed,Active,Production,Ketsia Liebig,19,Indeed,Fully Meets,4.3,4,0,2/19/2019,0,1,2014,5,May,4.64,1
"Dietrich, Jenna  ",10304,0,0,0,1,6,1,0,59231,0,3,Area Sales Manager,WA,98052,05/14/87,F,Single,US Citizen,Yes,White,2012-02-20,,Still Employed,Active,Sales,John Smith,17,Website,Pip,2.3,1,0,1/29/2019,2,17,2012,2,Feb,6.86,1
"DiNocco, Lily ",10284,1,1,0,1,5,2,0,61584,0,19,Production Technician I,MA,2351,12/02/78,F,Married,US Citizen,No,Black Or African American,2013-01-07,,Still Employed,Active,Production,Brannon Miller,12,Indeed,Needs Improvement,3.88,4,0,1/18/2019,0,6,2013,1,Jan,5.98,1
"Dobrin, Denisa  S",10207,0,0,0,1,5,3,0,46335,0,19,Production Technician I,MA,2125,10/07/86,F,Single,US Citizen,Yes,White,2012-04-02,,Still Employed,Active,Production,David Stanley,14,Careerbuilder,Fully Meets,3.4,5,0,2/19/2019,0,15,2012,4,Apr,6.75,1
"Dolan, Linda",10133,1,1,0,1,3,3,0,70621,0,14,It Support,MA,2119,07/18/88,F,Married,US Citizen,No,White,2015-01-05,,Still Employed,Active,IT/IS,Peter Monroe,7,Employee Referral,Fully Meets,4.11,4,6,2/25/2019,0,16,2015,1,Jan,3.99,1
"Dougall, Eric",10028,0,0,1,1,3,4,0,138888,0,13,It Manager - Support,MA,1886,07/09/70,M,Single,US Citizen,No,Black Or African American,2014-01-05,,Still Employed,Active,IT/IS,Jennifer Zamora,5,Indeed,Exceeds,4.3,5,5,1/4/2019,0,4,2014,1,Jan,4.99,1
"Driver, Elle",10006,0,0,0,1,6,4,0,74241,0,3,Area Sales Manager,CA,90007,11/08/88,F,Single,US Citizen,No,White,2011-01-10,,Still Employed,Active,Sales,Lynn Daneault,21,Indeed,Exceeds,4.77,5,0,1/27/2019,0,14,2011,1,Jan,7.98,1
"Dunn, Amy  ",10105,0,0,0,1,5,3,0,75188,0,18,Production Manager,MA,1731,11/28/73,F,Single,US Citizen,No,White,2014-09-18,,Still Employed,Active,Production,Janet King,2,Google Search,Fully Meets,4.52,4,0,1/15/2019,0,4,2014,9,Sep,4.29,1
"Dunne, Amy",10211,1,1,0,1,5,3,0,62514,0,19,Production Technician I,MA,1749,09/23/73,F,Married,US Citizen,No,White,2010-04-26,,Still Employed,Active,Production,Ketsia Liebig,19,Google Search,Fully Meets,2.9,3,0,1/21/2019,0,6,2010,4,Apr,8.68,1
"Eaton, Marianne",10064,1,1,0,5,5,3,0,60070,1,19,Production Technician I,MA,2343,09/05/91,F,Married,US Citizen,No,White,2011-04-04,2017-06-06,Military,Voluntarily Terminated,Production,Kissy Sullivan,20,Google Search,Fully Meets,5.0,3,0,4/9/2017,0,7,2011,4,Apr,6.17,0
"Engdahl, Jean",10247,0,0,1,1,5,3,0,48888,0,19,Production Technician I,MA,2026,05/31/74,M,Single,US Citizen,No,White,2014-11-10,,Still Employed,Active,Production,Kelley Spirea,18,Linkedin,Fully Meets,4.7,5,0,2/13/2019,0,8,2014,11,Nov,4.14,1
"England, Rex",10235,1,1,1,1,5,3,0,54285,0,19,Production Technician I,MA,2045,08/25/78,M,Married,US Citizen,No,White,2014-03-31,,Still Employed,Active,Production,Kelley Spirea,18,Employee Referral,Fully Meets,4.2,3,0,1/11/2019,0,3,2014,3,Mar,4.76,1
"Erilus, Angela",10299,0,3,0,1,5,1,0,56847,0,20,Production Technician Ii,MA,2133,08/25/89,F,Separated,US Citizen,No,White,2014-07-07,,Still Employed,Active,Production,Michael Albert,22,Indeed,Pip,3.0,1,0,2/25/2019,2,5,2014,7,Jul,4.49,1
"Estremera, Miguel",10280,0,0,1,4,5,2,0,60340,1,19,Production Technician I,MA,2129,09/02/83,M,Single,US Citizen,No,White,2012-04-02,2018-09-27,Attendance,Terminated For Cause,Production,Michael Albert,22,Google Search,Needs Improvement,5.0,4,0,4/12/2018,5,16,2012,4,Apr,6.49,0
"Evensen, April",10296,0,0,0,4,5,2,0,59124,1,19,Production Technician I,MA,2458,05/06/89,F,Single,US Citizen,No,White,2014-02-17,2018-02-25,"No-Call, No-Show",Terminated For Cause,Production,Elijiah Gray,16,Google Search,Needs Improvement,2.3,3,0,1/15/2017,5,19,2014,2,Feb,4.02,0
"Exantus, Susan",10290,1,1,0,4,4,2,0,99280,1,24,Software Engineer,MA,1749,05/15/87,F,Married,US Citizen,No,Black Or African American,2011-05-02,2013-06-05,Attendance,Terminated For Cause,Software Engineering,Alex Sweetwater,10,Indeed,Needs Improvement,2.1,5,4,8/10/2012,4,19,2011,5,May,2.09,0
"Faller, Megan ",10263,1,1,0,1,5,3,0,71776,0,20,Production Technician Ii,MA,1824,09/22/78,F,Married,US Citizen,No,Black Or African American,2014-07-07,,Still Employed,Active,Production,Elijiah Gray,16,Linkedin,Fully Meets,4.4,5,0,2/22/2019,0,17,2014,7,Jul,4.49,1
"Fancett, Nicole",10136,0,0,0,1,5,3,0,65902,0,20,Production Technician Ii,MA,2324,09/27/87,F,Single,US Citizen,No,Black Or African American,2014-02-17,,Still Employed,Active,Production,Webster Butler,39,Linkedin,Fully Meets,4.0,4,0,1/7/2019,0,7,2014,2,Feb,4.87,1
"Ferguson, Susan",10189,1,1,0,5,5,3,0,57748,1,19,Production Technician I,MA,2176,04/14/55,F,Married,US Citizen,No,White,2011-11-07,2016-05-17,Military,Voluntarily Terminated,Production,Webster Butler,39,Google Search,Fully Meets,3.13,3,0,2/4/2016,0,16,2011,11,Nov,4.53,0
"Fernandes, Nilson  ",10308,1,1,1,1,5,1,0,64057,0,19,Production Technician I,MA,2132,10/18/89,M,Married,US Citizen,No,White,2015-05-11,,Still Employed,Active,Production,Amy Dunn,11,Indeed,Pip,1.56,5,0,1/3/2019,6,15,2015,5,May,3.64,1
"Fett, Boba",10309,0,0,1,1,3,1,0,53366,0,15,Network Engineer,MA,2138,06/18/87,M,Single,US Citizen,No,White,2015-03-30,,Still Employed,Active,IT/IS,Peter Monroe,7,Linkedin,Pip,1.2,3,6,2/4/2019,3,2,2015,3,Mar,3.76,1
"Fidelia,  Libby",10049,1,1,0,1,5,3,0,58530,0,19,Production Technician I,MA,2155,03/16/81,F,Married,US Citizen,No,White,2012-01-09,,Still Employed,Active,Production,Brannon Miller,12,Google Search,Fully Meets,5.0,5,0,1/29/2019,0,19,2012,1,Jan,6.98,1
"Fitzpatrick, Michael  J",10093,0,0,1,5,5,3,0,72609,1,20,Production Technician Ii,MA,2143,10/01/81,M,Single,US Citizen,Yes,White,2011-05-16,2013-06-24,Hours,Voluntarily Terminated,Production,Amy Dunn,11,Google Search,Fully Meets,4.76,5,0,4/5/2013,0,20,2011,5,May,2.11,0
"Foreman, Tanya",10163,1,1,0,5,5,3,0,55965,1,20,Production Technician Ii,MA,2170,11/08/83,F,Married,US Citizen,No,White,2011-04-04,2013-01-09,Career Change,Voluntarily Terminated,Production,Ketsia Liebig,19,Google Search,Fully Meets,3.66,3,0,1/7/2012,0,6,2011,4,Apr,1.77,0
"Forrest, Alex",10305,1,1,1,1,6,3,0,70187,1,3,Area Sales Manager,MA,2330,07/07/75,M,Married,US Citizen,No,White,2014-09-29,2018-08-19,Fatal Attraction,Terminated For Cause,Sales,Lynn Daneault,21,Employee Referral,Pip,2.0,5,0,1/28/2019,4,7,2014,9,Sep,3.89,0
"Foss, Jason",10015,0,0,1,1,3,4,0,178000,0,12,It Director,MA,1460,07/05/80,M,Single,US Citizen,No,Black Or African American,2011-04-15,,Still Employed,Active,IT/IS,Jennifer Zamora,5,Indeed,Exceeds,5.0,5,5,1/7/2019,0,15,2011,4,Apr,7.72,1
"Foster-Baker, Amy",10080,1,1,0,1,1,3,0,99351,0,26,Sr. Accountant,MA,2050,04/16/79,F,Married,US Citizen,no,White,2009-01-05,,Still Employed,Active,Admin Offices,Board Of Directors,9,Other,Fully Meets,5.0,3,2,2/8/2019,0,3,2009,1,Jan,9.99,1
"Fraval, Maruk ",10258,0,0,1,1,6,3,0,67251,0,3,Area Sales Manager,CT,6050,08/28/63,M,Single,US Citizen,No,Black Or African American,2011-09-06,,Still Employed,Active,Sales,Lynn Daneault,21,Careerbuilder,Fully Meets,4.3,3,0,1/27/2019,2,7,2011,9,Sep,7.32,1
"Galia, Lisa",10273,0,0,0,1,3,3,0,65707,0,14,It Support,CT,6040,07/06/68,F,Single,US Citizen,No,White,2010-05-01,,Still Employed,Active,IT/IS,Eric Dougall,6,Linkedin,Fully Meets,4.7,4,5,2/1/2019,0,1,2010,5,May,8.67,1
"Garcia, Raul",10111,0,0,1,1,5,3,0,52249,0,19,Production Technician I,MA,1905,09/15/85,M,Single,US Citizen,Yes,White,2015-03-30,,Still Employed,Active,Production,David Stanley,14,Employee Referral,Fully Meets,4.5,3,0,2/18/2019,0,5,2015,3,Mar,3.76,1
"Gaul, Barbara",10257,0,0,0,1,5,3,0,53171,0,19,Production Technician I,MA,2121,12/02/83,F,Single,US Citizen,Yes,Black Or African American,2011-05-16,,Still Employed,Active,Production,Kelley Spirea,18,Linkedin,Fully Meets,4.2,4,0,2/26/2019,0,12,2011,5,May,7.63,1
"Gentry, Mildred",10159,1,1,0,1,5,3,0,51337,0,19,Production Technician I,MA,2145,10/01/90,F,Married,US Citizen,No,Black Or African American,2015-03-30,,Still Employed,Active,Production,Michael Albert,22,Linkedin,Fully Meets,3.73,3,0,1/16/2019,0,19,2015,3,Mar,3.76,1
"Gerke, Melisa",10122,0,2,0,5,5,3,1,51505,1,19,Production Technician I,MA,2330,05/15/70,F,Divorced,US Citizen,No,Black Or African American,2011-11-07,2016-11-15,Hours,Voluntarily Terminated,Production,Elijiah Gray,16,Diversity Job Fair,Fully Meets,4.24,4,0,4/29/2016,0,2,2011,11,Nov,5.02,0
"Gill, Whitney  ",10142,0,4,0,4,6,3,0,59370,1,3,Area Sales Manager,OH,43050,07/10/71,F,Widowed,US Citizen,No,Black Or African American,2014-07-07,2015-09-05,Attendance,Terminated For Cause,Sales,John Smith,17,Careerbuilder,Fully Meets,3.97,4,0,1/15/2014,0,7,2014,7,Jul,1.16,0
"Gilles, Alex",10283,1,1,1,5,5,2,1,54933,1,19,Production Technician I,MA,2062,08/09/74,M,Married,US Citizen,No,Black Or African American,2012-04-02,2015-06-25,Military,Voluntarily Terminated,Production,Webster Butler,39,Diversity Job Fair,Needs Improvement,3.97,4,0,1/20/2015,3,15,2012,4,Apr,3.23,0
"Girifalco, Evelyn",10018,0,0,0,1,5,4,0,57815,0,19,Production Technician I,MA,2451,05/08/80,F,Single,US Citizen,Yes,Two Or More Races,2014-09-29,,Still Employed,Active,Production,Amy Dunn,11,Indeed,Exceeds,3.9,4,0,2/7/2019,0,3,2014,9,Sep,4.26,1
"Givens, Myriam",10255,0,0,0,1,6,3,0,61555,0,3,Area Sales Manager,IN,46204,09/22/89,F,Single,US Citizen,No,White,2015-02-16,,Still Employed,Active,Sales,Lynn Daneault,21,Indeed,Fully Meets,4.5,5,0,1/25/2019,0,20,2015,2,Feb,3.87,1
"Goble, Taisha",10246,0,0,0,4,3,3,0,114800,1,8,Database Administrator,MA,2127,10/23/71,F,Single,US Citizen,No,White,2015-02-16,2015-03-15,"No-Call, No-Show",Terminated For Cause,IT/IS,Simon Roup,4,Indeed,Fully Meets,4.6,4,4,1/20/2015,0,10,2015,2,Feb,0.07,0
"Goeth, Amon",10228,1,1,1,1,3,3,0,74679,0,14,It Support,MA,2135,11/24/89,M,Married,US Citizen,Yes,White,2015-03-30,,Still Employed,Active,IT/IS,Peter Monroe,7,Linkedin,Fully Meets,4.3,5,7,1/10/2019,0,20,2015,3,Mar,3.76,1
"Gold, Shenice  ",10243,0,0,0,1,5,3,0,53018,0,19,Production Technician I,MA,2451,06/18/92,F,Single,US Citizen,Yes,White,2013-11-11,,Still Employed,Active,Production,Ketsia Liebig,19,Indeed,Fully Meets,4.3,5,0,2/18/2019,0,7,2013,11,Nov,5.14,1
"Gonzalez, Cayo",10031,0,2,1,1,5,4,1,59892,0,19,Production Technician I,MA,2108,09/29/69,M,Divorced,US Citizen,No,Black Or African American,2011-07-11,,Still Employed,Active,Production,Brannon Miller,12,Diversity Job Fair,Exceeds,4.5,4,0,2/18/2019,0,1,2011,7,Jul,7.48,1
"Gonzalez, Juan",10300,1,1,1,5,5,1,1,68898,1,20,Production Technician Ii,MA,2128,10/12/64,M,Married,US Citizen,No,Black Or African American,2010-04-26,2011-05-30,Career Change,Voluntarily Terminated,Production,Brannon Miller,12,Diversity Job Fair,Pip,3.0,3,0,3/6/2011,3,10,2010,4,Apr,1.09,0
"Gonzalez, Maria",10101,0,3,0,1,3,3,0,61242,0,14,It Support,MA,2472,04/16/81,F,Separated,US Citizen,Yes,White,2015-01-05,,Still Employed,Active,IT/IS,Peter Monroe,7,Employee Referral,Fully Meets,4.61,4,5,1/28/2019,0,11,2015,1,Jan,3.99,1
"Good, Susan",10237,1,1,0,3,5,3,0,66825,0,20,Production Technician Ii,MA,1886,05/25/86,F,Married,US Citizen,No,White,2014-05-12,,Still Employed,Active,Production,David Stanley,14,Linkedin,Fully Meets,4.6,3,0,2/7/2019,0,20,2014,5,May,4.64,1
"Gordon, David",10051,1,1,1,1,5,3,0,48285,0,19,Production Technician I,MA,2169,05/21/79,M,Married,US Citizen,No,White,2012-07-02,,Still Employed,Active,Production,David Stanley,14,Linkedin,Fully Meets,5.0,3,0,1/14/2019,0,2,2012,7,Jul,6.5,1
"Gosciminski, Phylicia  ",10218,0,3,0,3,5,3,0,66149,0,20,Production Technician Ii,MA,1824,12/08/83,F,Separated,US Citizen,No,American Indian Or Alaska Native,2013-09-30,,Still Employed,Active,Production,Kissy Sullivan,20,Google Search,Fully Meets,4.4,5,0,2/21/2019,0,1,2013,9,Sep,5.25,1
"Goyal, Roxana",10256,1,1,0,3,5,3,0,49256,0,19,Production Technician I,MA,1864,10/09/74,F,Married,US Citizen,No,Asian,2013-08-19,,Still Employed,Active,Production,Kissy Sullivan,20,Linkedin,Fully Meets,4.1,5,0,2/15/2019,0,3,2013,8,Aug,5.37,1
"Gray, Elijiah  ",10098,0,2,1,1,5,3,0,62957,0,18,Production Manager,MA,1752,07/11/81,M,Divorced,US Citizen,No,White,2015-06-02,,Still Employed,Active,Production,Janet King,2,Employee Referral,Fully Meets,4.63,3,0,1/4/2019,0,2,2015,6,Jun,3.58,1
"Gross, Paula",10059,0,2,0,5,5,3,0,63813,1,19,Production Technician I,MA,2176,05/21/83,F,Divorced,US Citizen,No,White,2011-02-21,2014-01-11,More Money,Voluntarily Terminated,Production,Kelley Spirea,18,Careerbuilder,Fully Meets,5.0,5,0,6/3/2013,0,17,2011,2,Feb,2.89,0
"Gruber, Hans",10234,1,1,1,1,3,3,0,99020,0,4,Bi Developer,MA,2134,06/30/89,M,Married,US Citizen,No,Black Or African American,2017-04-20,,Still Employed,Active,IT/IS,Brian Champaigne,13,Indeed,Fully Meets,4.2,5,5,1/28/2019,0,8,2017,4,Apr,1.7,1
"Guilianno, Mike",10109,0,0,1,5,6,3,0,71707,1,3,Area Sales Manager,TN,37129,02/09/69,M,Single,US Citizen,No,Two Or More Races,2012-03-07,2014-10-31,Relocation Out Of Area,Voluntarily Terminated,Sales,John Smith,17,Linkedin,Fully Meets,4.5,5,0,2/1/2013,0,20,2012,3,Mar,2.65,0
"Handschiegl, Joanne",10125,1,1,0,1,5,3,0,54828,0,19,Production Technician I,MA,2127,03/23/77,F,Married,US Citizen,No,White,2011-11-28,,Still Employed,Active,Production,Michael Albert,22,Google Search,Fully Meets,4.2,4,0,2/22/2019,0,13,2011,11,Nov,7.09,1
"Hankard, Earnest",10074,0,0,1,1,5,3,0,64246,0,20,Production Technician Ii,MA,2155,08/10/88,M,Single,US Citizen,Yes,White,2013-11-11,,Still Employed,Active,Production,Kelley Spirea,18,Linkedin,Fully Meets,5.0,3,0,1/8/2019,0,20,2013,11,Nov,5.14,1
"Harrington, Christie ",10097,0,0,0,5,5,3,0,52177,1,19,Production Technician I,MA,2324,08/18/52,F,Single,US Citizen,No,White,2012-01-09,2015-12-15,Retiring,Voluntarily Terminated,Production,Webster Butler,39,Careerbuilder,Fully Meets,4.64,4,0,5/2/2015,0,8,2012,1,Jan,3.93,0
"Harrison, Kara",10007,1,1,0,1,5,4,0,62065,0,19,Production Technician I,MA,1886,05/02/74,F,Married,US Citizen,No,White,2014-05-12,,Still Employed,Active,Production,Amy Dunn,11,Careerbuilder,Exceeds,4.76,4,0,2/15/2019,0,5,2014,5,May,4.64,1
"Heitzman, Anthony",10129,0,0,1,1,5,3,0,46998,0,19,Production Technician I,MA,2149,01/04/84,M,Single,US Citizen,No,White,2012-08-13,,Still Employed,Active,Production,Ketsia Liebig,19,Google Search,Fully Meets,4.17,4,0,2/11/2019,0,1,2012,8,Aug,6.38,1
"Hendrickson, Trina",10075,0,0,0,5,5,3,0,68099,1,20,Production Technician Ii,MA,2021,08/27/72,F,Single,US Citizen,No,White,2011-01-10,2013-06-18,Hours,Voluntarily Terminated,Production,Kelley Spirea,18,Careerbuilder,Fully Meets,5.0,3,0,1/30/2013,0,15,2011,1,Jan,2.44,0
"Hitchcock, Alfred",10167,1,1,1,1,6,3,0,70545,0,3,Area Sales Manager,NH,3062,09/14/88,M,Married,US Citizen,No,American Indian Or Alaska Native,2014-08-18,,Still Employed,Active,Sales,John Smith,17,Indeed,Fully Meets,3.6,5,0,1/30/2019,0,9,2014,8,Aug,4.37,1
"Homberger, Adrienne  J",10195,1,1,0,5,5,3,0,63478,1,20,Production Technician Ii,MA,2445,02/16/84,F,Married,Non-Citizen,No,White,2011-08-15,2012-04-07,Relocation Out Of Area,Voluntarily Terminated,Production,Michael Albert,30,Indeed,Fully Meets,3.03,5,0,3/5/2012,0,16,2011,8,Aug,0.65,0
"Horton, Jayne",10112,0,0,0,1,3,3,0,97999,0,8,Database Administrator,MA,2493,02/21/84,F,Single,US Citizen,No,White,2015-03-30,,Still Employed,Active,IT/IS,Simon Roup,4,Indeed,Fully Meets,4.48,5,6,1/3/2019,0,4,2015,3,Mar,3.76,1
"Houlihan, Debra",10272,1,1,0,1,6,3,0,180000,0,11,Director Of Sales,RI,2908,03/17/66,F,Married,US Citizen,No,White,2014-05-05,,Still Employed,Active,Sales,Janet King,2,Linkedin,Fully Meets,4.5,4,0,1/21/2019,0,19,2014,5,May,4.66,1
"Howard, Estelle",10182,1,1,0,1,1,3,0,49920,1,2,Administrative Assistant,MA,2170,09/16/85,F,Married,US Citizen,No,Black Or African American,2015-02-16,2015-04-15,"No-Call, No-Show",Terminated For Cause,Admin Offices,Brandon R. Leblanc,1,Indeed,Fully Meets,3.24,3,4,4/15/2015,0,6,2015,2,Feb,0.16,0
"Hudson, Jane",10248,0,0,0,1,5,3,0,55425,0,19,Production Technician I,MA,2176,06/10/86,F,Single,US Citizen,No,White,2012-02-20,,Still Employed,Active,Production,Ketsia Liebig,19,Linkedin,Fully Meets,4.8,4,0,1/7/2019,0,4,2012,2,Feb,6.86,1
"Hunts, Julissa",10201,0,0,0,2,5,3,0,69340,0,20,Production Technician Ii,MA,2021,03/11/84,F,Single,US Citizen,No,White,2016-06-06,,Still Employed,Active,Production,Elijiah Gray,16,Linkedin,Fully Meets,3.0,5,0,1/18/2019,0,4,2016,6,Jun,2.57,1
"Hutter, Rosalie",10214,0,3,0,2,5,3,0,64995,0,20,Production Technician Ii,MA,2351,05/07/92,F,Separated,US Citizen,No,White,2015-06-05,,Still Employed,Active,Production,Webster Butler,39,Indeed,Fully Meets,4.5,3,0,2/14/2019,0,6,2015,6,Jun,3.58,1
"Huynh, Ming",10160,0,2,0,5,5,3,0,68182,1,20,Production Technician Ii,MA,1742,09/22/76,F,Divorced,US Citizen,No,White,2011-02-21,2013-04-01,Unhappy,Voluntarily Terminated,Production,Amy Dunn,11,Google Search,Fully Meets,3.72,3,0,2/1/2013,0,18,2011,2,Feb,2.11,0
"Immediato, Walter",10289,1,1,1,5,5,2,0,83082,1,18,Production Manager,MA,2128,11/15/76,M,Married,US Citizen,No,Asian,2011-02-21,2012-09-24,Unhappy,Voluntarily Terminated,Production,Janet King,2,Indeed,Needs Improvement,2.34,2,0,4/12/2012,3,4,2011,2,Feb,1.59,0
"Ivey, Rose ",10139,0,0,0,1,5,3,0,51908,0,19,Production Technician I,MA,1775,01/28/91,F,Single,US Citizen,No,White,2013-08-19,,Still Employed,Active,Production,Brannon Miller,12,Indeed,Fully Meets,3.99,3,0,1/14/2019,0,14,2013,8,Aug,5.37,1
"Jackson, Maryellen",10227,0,0,0,1,5,3,0,61242,0,19,Production Technician I,MA,2081,09/11/72,F,Single,US Citizen,No,Black Or African American,2012-11-05,,Still Employed,Active,Production,David Stanley,14,Linkedin,Fully Meets,4.1,3,0,1/17/2019,0,7,2012,11,Nov,6.15,1
"Jacobi, Hannah  ",10236,0,2,0,1,5,3,0,45069,0,19,Production Technician I,MA,1778,03/22/66,F,Divorced,US Citizen,No,White,2013-09-30,,Still Employed,Active,Production,Kissy Sullivan,20,Employee Referral,Fully Meets,4.3,5,0,2/22/2019,0,7,2013,9,Sep,5.25,1
"Jeannite, Tayana",10009,0,2,0,1,5,4,0,60724,0,20,Production Technician Ii,MA,1821,11/06/86,F,Divorced,US Citizen,No,American Indian Or Alaska Native,2011-07-05,,Still Employed,Active,Production,Ketsia Liebig,19,Linkedin,Exceeds,4.6,4,0,2/25/2019,0,11,2011,7,Jul,7.49,1
"Jhaveri, Sneha  ",10060,0,3,0,1,5,3,0,60436,0,19,Production Technician I,MA,2109,04/13/64,F,Separated,US Citizen,No,White,2014-01-06,,Still Employed,Active,Production,Kelley Spirea,18,Linkedin,Fully Meets,5.0,5,0,1/21/2019,0,9,2014,1,Jan,4.99,1
"Johnson, George",10034,1,1,1,5,5,4,0,46837,1,19,Production Technician I,MA,2445,08/19/59,M,Married,US Citizen,No,White,2011-11-07,2018-04-29,More Money,Voluntarily Terminated,Production,Michael Albert,22,Careerbuilder,Exceeds,4.7,4,0,2/14/2018,0,9,2011,11,Nov,6.48,0
"Johnson, Noelle ",10156,1,1,0,3,3,3,0,105700,0,8,Database Administrator,MA,2301,11/07/86,F,Married,US Citizen,No,Asian,2015-01-05,,Still Employed,Active,IT/IS,Simon Roup,4,Indeed,Fully Meets,3.75,3,5,2/11/2019,0,2,2015,1,Jan,3.99,1
"Johnston, Yen",10036,0,0,0,1,5,4,0,63322,0,20,Production Technician Ii,MA,2128,09/08/69,F,Single,US Citizen,No,White,2014-07-07,,Still Employed,Active,Production,Brannon Miller,12,Linkedin,Exceeds,4.3,3,0,1/11/2019,0,1,2014,7,Jul,4.49,1
"Jung, Judy  ",10138,1,1,0,5,5,3,0,61154,1,19,Production Technician I,MA,2446,04/17/86,F,Married,US Citizen,No,Black Or African American,2011-01-10,2016-04-01,Unhappy,Voluntarily Terminated,Production,Elijiah Gray,16,Careerbuilder,Fully Meets,4.0,4,0,2/3/2016,0,4,2011,1,Jan,5.22,0
"Kampew, Donysha",10244,0,0,0,5,6,3,0,68999,1,21,Sales Manager,PA,19444,11/11/89,F,Single,US Citizen,No,White,2011-11-07,2014-04-24,Maternity Leave - Did Not Return,Voluntarily Terminated,Sales,Debra Houlihan,15,Google Search,Fully Meets,4.5,5,0,3/30/2013,0,2,2011,11,Nov,2.46,0
"Keatts, Kramer ",10192,0,0,1,1,5,3,0,50482,0,19,Production Technician I,MA,1887,01/19/76,M,Single,US Citizen,No,White,2013-09-30,,Still Employed,Active,Production,Michael Albert,22,Indeed,Fully Meets,3.07,4,0,1/23/2019,0,10,2013,9,Sep,5.25,1
"Khemmich, Bartholemew",10231,0,0,1,1,6,3,0,65310,0,3,Area Sales Manager,CO,80820,11/27/79,M,Single,US Citizen,No,White,2013-08-19,,Still Employed,Active,Sales,Lynn Daneault,21,Indeed,Fully Meets,4.3,5,0,1/22/2019,0,13,2013,8,Aug,5.37,1
"King, Janet",10089,1,1,0,1,2,3,0,250000,0,16,President & Ceo,MA,1902,09/21/54,F,Married,US Citizen,Yes,White,2012-07-02,,Still Employed,Active,Executive Office,Board Of Directors,9,Indeed,Fully Meets,4.83,3,0,1/17/2019,0,10,2012,7,Jul,6.5,1
"Kinsella, Kathleen  ",10166,1,1,0,5,5,3,0,54005,1,19,Production Technician I,MA,2170,12/08/73,F,Married,US Citizen,No,White,2011-09-26,2015-06-04,More Money,Voluntarily Terminated,Production,Webster Butler,39,Google Search,Fully Meets,3.6,5,0,3/1/2015,0,16,2011,9,Sep,3.69,0
"Kirill, Alexandra  ",10170,1,1,0,5,5,3,0,45433,1,19,Production Technician I,MA,2127,10/08/70,F,Married,US Citizen,No,White,2011-09-26,2014-01-09,More Money,Voluntarily Terminated,Production,Amy Dunn,11,Google Search,Fully Meets,3.49,4,0,1/30/2013,0,6,2011,9,Sep,2.29,0
"Knapp, Bradley  J",10208,0,0,1,1,5,3,0,46654,0,19,Production Technician I,MA,1721,11/10/77,M,Single,US Citizen,No,Black Or African American,2014-02-17,,Still Employed,Active,Production,Ketsia Liebig,19,Linkedin,Fully Meets,3.1,3,0,2/6/2019,0,3,2014,2,Feb,4.87,1
"Kretschmer, John",10176,1,1,1,1,5,3,0,63973,0,19,Production Technician I,MA,1801,02/02/80,M,Married,US Citizen,No,Asian,2011-01-10,,Still Employed,Active,Production,Brannon Miller,12,Indeed,Fully Meets,3.38,3,0,1/21/2019,0,17,2011,1,Jan,7.98,1
"Kreuger, Freddy",10165,0,0,1,1,6,3,1,71339,0,3,Area Sales Manager,NY,10171,02/24/69,M,Single,US Citizen,Yes,Black Or African American,2011-03-07,,Still Employed,Active,Sales,John Smith,17,Diversity Job Fair,Fully Meets,3.65,5,0,1/17/2019,0,20,2011,3,Mar,7.82,1
"Lajiri,  Jyoti",10113,1,1,1,3,3,3,0,93206,0,28,Sr. Network Engineer,MA,2169,04/23/86,M,Married,US Citizen,No,White,2014-11-10,,Still Employed,Active,IT/IS,Peter Monroe,7,Employee Referral,Fully Meets,4.46,5,6,1/7/2019,0,7,2014,11,Nov,4.14,1
"Landa, Hans",10092,1,1,1,4,5,3,0,82758,1,18,Production Manager,MA,1890,07/01/72,M,Married,US Citizen,No,White,2011-01-10,2015-12-12,Attendance,Terminated For Cause,Production,Janet King,2,Employee Referral,Fully Meets,4.78,4,0,2/15/2015,0,9,2011,1,Jan,4.92,0
"Langford, Lindsey",10106,0,2,0,5,5,3,0,66074,1,20,Production Technician Ii,MA,2090,07/25/79,F,Divorced,US Citizen,No,Asian,2013-01-07,2014-03-31,Another Position,Voluntarily Terminated,Production,David Stanley,14,Indeed,Fully Meets,4.52,3,0,2/20/2014,0,20,2013,1,Jan,1.23,0
"Langton, Enrico",10052,1,1,1,1,5,3,0,46120,0,19,Production Technician I,MA,2048,12/09/86,M,Married,US Citizen,No,White,2012-07-09,,Still Employed,Active,Production,David Stanley,14,Linkedin,Fully Meets,5.0,5,0,2/4/2019,0,13,2012,7,Jul,6.48,1
"LaRotonda, William  ",10038,0,2,1,1,1,3,0,64520,0,1,Accountant I,MA,1460,04/26/84,M,Divorced,US Citizen,No,Black Or African American,2014-01-06,,Still Employed,Active,Admin Offices,Brandon R. Leblanc,1,Website,Fully Meets,5.0,4,4,1/17/2019,0,3,2014,1,Jan,4.99,1
"Latif, Mohammed",10249,1,1,1,5,5,3,0,61962,1,20,Production Technician Ii,MA,2126,05/09/84,M,Married,US Citizen,No,White,2012-04-02,2013-04-15,More Money,Voluntarily Terminated,Production,Kissy Sullivan,20,Google Search,Fully Meets,4.9,3,0,2/20/2013,0,20,2012,4,Apr,1.03,0
"Le, Binh",10232,0,0,0,1,3,3,0,81584,0,22,Senior Bi Developer,MA,1886,06/14/87,F,Single,US Citizen,No,Asian,2016-10-02,,Still Employed,Active,IT/IS,Brian Champaigne,13,Indeed,Fully Meets,4.1,5,7,1/8/2019,0,2,2016,10,Oct,2.25,1
"Leach, Dallas",10087,0,0,0,5,5,3,0,63676,1,19,Production Technician I,MA,1810,01/17/79,F,Single,US Citizen,No,Asian,2011-09-26,2018-08-19,Return To School,Voluntarily Terminated,Production,Kissy Sullivan,20,Careerbuilder,Fully Meets,4.88,3,0,7/2/2017,0,17,2011,9,Sep,6.9,0
"LeBlanc, Brandon  R",10134,1,1,1,1,1,3,0,93046,0,23,Shared Services Manager,MA,1460,06/10/84,M,Married,US Citizen,No,White,2016-01-05,,Still Employed,Active,Admin Offices,Janet King,2,Careerbuilder,Fully Meets,4.1,4,0,1/28/2019,0,20,2016,1,Jan,2.99,1
"Lecter, Hannibal",10251,1,1,1,1,5,3,0,64738,0,19,Production Technician I,MA,1776,09/02/82,M,Married,US Citizen,No,Asian,2012-05-14,,Still Employed,Active,Production,Elijiah Gray,16,Google Search,Fully Meets,4.1,3,0,2/22/2019,0,10,2012,5,May,6.63,1
"Leruth, Giovanni",10103,0,3,1,1,6,3,0,70468,0,3,Area Sales Manager,UT,84111,12/27/88,M,Separated,US Citizen,No,Black Or African American,2012-04-30,,Still Employed,Active,Sales,John Smith,17,Website,Fully Meets,4.53,3,0,1/29/2019,0,16,2012,4,Apr,6.67,1
"Liebig, Ketsia",10017,1,1,0,1,5,4,0,77915,0,18,Production Manager,MA,2110,10/26/81,F,Married,US Citizen,No,White,2013-09-30,,Still Employed,Active,Production,Janet King,2,Website,Exceeds,4.1,3,0,1/21/2019,0,11,2013,9,Sep,5.25,1
"Linares, Marilyn ",10186,1,1,0,5,5,3,0,52624,1,19,Production Technician I,MA,1886,03/26/81,F,Married,US Citizen,No,White,2011-07-05,2018-09-26,Unhappy,Voluntarily Terminated,Production,Michael Albert,22,Indeed,Fully Meets,3.18,4,0,3/2/2018,0,16,2011,7,Jul,7.23,0
"Linden, Mathew",10137,1,1,1,3,5,3,0,63450,0,20,Production Technician Ii,MA,1770,03/19/79,M,Married,US Citizen,No,White,2013-07-08,,Still Employed,Active,Production,Kelley Spirea,18,Linkedin,Fully Meets,4.0,3,0,2/18/2019,0,7,2013,7,Jul,5.48,1
"Lindsay, Leonara ",10008,0,0,0,1,3,4,1,51777,0,14,It Support,CT,6070,10/05/88,F,Single,US Citizen,Yes,Black Or African American,2011-01-21,,Still Employed,Active,IT/IS,Eric Dougall,6,Diversity Job Fair,Exceeds,4.64,4,5,1/25/2019,0,14,2011,1,Jan,7.95,1
"Lundy, Susan",10096,0,4,0,5,5,3,0,67237,1,20,Production Technician Ii,MA,2122,12/26/76,F,Widowed,US Citizen,No,White,2013-07-08,2016-09-15,More Money,Voluntarily Terminated,Production,Michael Albert,22,Linkedin,Fully Meets,4.65,4,0,6/10/2016,0,15,2013,7,Jul,3.19,0
"Lunquist, Lisa",10035,0,0,0,1,5,4,0,73330,0,20,Production Technician Ii,MA,2324,03/28/82,F,Single,US Citizen,No,Black Or African American,2013-08-19,,Still Employed,Active,Production,Elijiah Gray,16,Indeed,Exceeds,4.2,4,0,2/12/2019,0,19,2013,8,Aug,5.37,1
"Lydon, Allison",10057,1,1,0,3,5,3,0,52057,0,19,Production Technician I,MA,2122,10/22/75,F,Married,US Citizen,No,Black Or African American,2015-02-16,,Still Employed,Active,Production,Elijiah Gray,16,Website,Fully Meets,5.0,3,0,1/23/2019,0,6,2015,2,Feb,3.87,1
"Lynch, Lindsay",10004,0,0,0,5,5,4,1,47434,1,19,Production Technician I,MA,1844,02/14/73,F,Single,US Citizen,Yes,Black Or African American,2011-11-07,2015-11-14,Another Position,Voluntarily Terminated,Production,Webster Butler,39,Diversity Job Fair,Exceeds,5.0,4,0,2/2/2015,0,17,2011,11,Nov,4.02,0
"MacLennan, Samuel",10191,0,4,1,5,5,3,0,52788,1,19,Production Technician I,MA,1938,11/09/72,M,Widowed,US Citizen,No,White,2012-09-24,2017-09-26,Hours,Voluntarily Terminated,Production,Amy Dunn,11,Indeed,Fully Meets,3.08,4,0,4/1/2017,0,18,2012,9,Sep,5.0,0
"Mahoney, Lauren  ",10219,0,0,0,1,5,3,0,45395,0,19,Production Technician I,MA,2189,07/07/86,F,Single,US Citizen,No,White,2014-01-06,,Still Employed,Active,Production,Ketsia Liebig,19,Linkedin,Fully Meets,4.6,4,0,2/26/2019,0,14,2014,1,Jan,4.99,1
"Manchester, Robyn",10077,1,1,0,2,5,3,0,62385,0,20,Production Technician Ii,MA,2324,08/25/76,F,Married,US Citizen,No,White,2016-05-11,,Still Employed,Active,Production,Webster Butler,39,Linkedin,Fully Meets,5.0,3,0,1/21/2019,0,4,2016,5,May,2.64,1
"Mancuso, Karen",10073,1,1,0,5,5,3,0,68407,1,20,Production Technician Ii,MA,2176,12/10/86,F,Married,US Citizen,No,Two Or More Races,2011-07-05,2012-08-19,Another Position,Voluntarily Terminated,Production,Amy Dunn,11,Linkedin,Fully Meets,5.0,4,0,7/2/2012,0,16,2011,7,Jul,1.13,0
"Mangal, Debbie",10279,1,1,0,1,5,3,0,61349,0,19,Production Technician I,MA,2451,11/07/74,F,Married,US Citizen,No,White,2013-11-11,,Still Employed,Active,Production,Brannon Miller,12,Linkedin,Fully Meets,4.1,3,0,1/22/2019,0,11,2013,11,Nov,5.14,1
"Martin, Sandra",10110,0,0,0,1,4,3,0,105688,0,24,Software Engineer,MA,2135,11/07/87,F,Single,US Citizen,No,Asian,2013-11-11,,Still Employed,Active,Software Engineering,Alex Sweetwater,10,Google Search,Fully Meets,4.5,5,4,1/14/2019,0,14,2013,11,Nov,5.14,1
"Maurice, Shana",10053,1,1,0,1,5,3,0,54132,0,19,Production Technician I,MA,2330,11/22/77,F,Married,US Citizen,No,White,2011-05-31,,Still Employed,Active,Production,David Stanley,14,Indeed,Fully Meets,5.0,4,0,1/10/2019,0,8,2011,5,May,7.59,1
"Carthy, B'rigit",10076,0,0,0,1,5,3,0,55315,0,20,Production Technician Ii,MA,2149,05/21/87,F,Single,US Citizen,No,Black Or African American,2015-03-30,,Still Employed,Active,Production,Ketsia Liebig,19,Linkedin,Fully Meets,5.0,5,0,2/7/2019,0,16,2015,3,Mar,3.76,1
"Mckenna, Sandy",10145,1,1,0,1,5,3,0,62810,0,19,Production Technician I,MA,2184,01/07/87,F,Married,US Citizen,No,Black Or African American,2013-01-07,,Still Employed,Active,Production,Kissy Sullivan,20,Careerbuilder,Fully Meets,3.93,3,0,1/30/2019,0,20,2013,1,Jan,5.98,1
"McKinzie, Jac",10202,1,1,1,2,6,3,0,63291,0,3,Area Sales Manager,TX,78789,07/01/84,M,Married,US Citizen,No,Two Or More Races,2016-07-06,,Still Employed,Active,Sales,Lynn Daneault,21,Website,Fully Meets,3.4,4,0,1/29/2019,0,7,2016,7,Jul,2.49,1
"Meads, Elizabeth",10128,0,0,0,5,5,3,1,62659,1,19,Production Technician I,MA,1760,05/30/68,F,Single,US Citizen,No,Black Or African American,2012-04-02,2016-11-11,Another Position,Voluntarily Terminated,Production,Kelley Spirea,18,Diversity Job Fair,Fully Meets,4.18,4,0,2/5/2016,0,17,2012,4,Apr,4.61,0
"Medeiros, Jennifer",10068,0,0,0,1,5,3,0,55688,0,19,Production Technician I,MA,2346,09/22/76,F,Single,US Citizen,No,White,2015-03-30,,Still Employed,Active,Production,Michael Albert,22,Careerbuilder,Fully Meets,5.0,4,0,1/21/2019,0,10,2015,3,Mar,3.76,1
"Miller, Brannon",10116,0,0,1,1,5,3,0,83667,0,18,Production Manager,MA,2045,08/10/81,M,Single,US Citizen,yes,Hispanic,2012-08-16,,Still Employed,Active,Production,Janet King,2,Indeed,Fully Meets,4.37,3,0,1/14/2019,0,2,2012,8,Aug,6.38,1
"Miller, Ned",10298,0,0,1,5,5,1,0,55800,1,20,Production Technician Ii,MA,2472,06/29/85,M,Single,US Citizen,No,White,2011-08-15,2014-09-04,Unhappy,Voluntarily Terminated,Production,Brannon Miller,12,Linkedin,Pip,3.0,2,0,1/14/2013,6,6,2011,8,Aug,3.06,0
"Monkfish, Erasumus",10213,1,1,1,1,5,3,0,58207,0,20,Production Technician Ii,MA,1450,08/17/92,M,Married,US Citizen,No,White,2011-11-07,,Still Employed,Active,Production,David Stanley,14,Linkedin,Fully Meets,3.7,3,0,1/8/2019,0,14,2011,11,Nov,7.15,1
"Monroe, Peter",10288,1,1,1,1,3,2,1,157000,0,13,It Manager - Infra,MA,2134,10/05/86,M,Married,Eligible NonCitizen,Yes,Black Or African American,2012-02-15,,Still Employed,Active,IT/IS,Jennifer Zamora,5,Diversity Job Fair,Needs Improvement,2.39,3,6,2/22/2019,4,13,2012,2,Feb,6.88,1
"Monterro, Luisa",10025,0,0,0,1,5,4,0,72460,0,20,Production Technician Ii,MA,2126,04/24/70,F,Single,US Citizen,No,Black Or African American,2013-05-13,,Still Employed,Active,Production,Kissy Sullivan,20,Indeed,Exceeds,4.7,3,0,1/14/2019,0,1,2013,5,May,5.64,1
"Moran, Patrick",10223,0,0,1,3,5,3,1,72106,0,20,Production Technician Ii,MA,2127,12/03/76,M,Single,US Citizen,No,Black Or African American,2012-01-09,,Still Employed,Active,Production,Kelley Spirea,18,Diversity Job Fair,Fully Meets,4.1,4,0,1/31/2019,0,12,2012,1,Jan,6.98,1
"Morway, Tanya",10151,1,1,0,1,3,3,0,52599,0,15,Network Engineer,MA,2048,04/04/79,F,Married,US Citizen,No,White,2015-02-16,,Still Employed,Active,IT/IS,Peter Monroe,7,Careerbuilder,Fully Meets,3.81,3,6,2/11/2019,0,6,2015,2,Feb,3.87,1
"Motlagh,  Dawn",10254,0,2,0,1,5,3,0,63430,0,19,Production Technician I,MA,2453,07/07/84,F,Divorced,US Citizen,No,White,2013-04-01,,Still Employed,Active,Production,Elijiah Gray,16,Linkedin,Fully Meets,4.4,4,0,1/17/2019,0,18,2013,4,Apr,5.75,1
"Moumanil, Maliki ",10120,0,3,1,1,5,3,0,74417,0,20,Production Technician Ii,MA,1460,12/01/74,M,Separated,US Citizen,No,Black Or African American,2013-05-13,,Still Employed,Active,Production,Michael Albert,22,Linkedin,Fully Meets,4.29,5,0,1/28/2019,0,11,2013,5,May,5.64,1
"Myers, Michael",10216,0,0,1,1,5,3,0,57575,0,19,Production Technician I,MA,1550,04/18/80,M,Single,US Citizen,No,Asian,2013-07-08,,Still Employed,Active,Production,Kissy Sullivan,20,Linkedin,Fully Meets,4.1,4,0,1/22/2019,0,13,2013,7,Jul,5.48,1
"Navathe, Kurt",10079,0,0,1,1,3,3,0,87921,0,22,Senior Bi Developer,MA,2056,04/25/70,M,Single,US Citizen,No,Asian,2017-02-10,,Still Employed,Active,IT/IS,Brian Champaigne,13,Indeed,Fully Meets,5.0,3,6,2/25/2019,0,17,2017,2,Feb,1.89,1
"Ndzi, Colombui",10215,0,0,1,5,5,3,1,50470,1,19,Production Technician I,MA,2110,05/02/89,M,Single,US Citizen,No,Black Or African American,2011-09-26,2014-04-04,Return To School,Voluntarily Terminated,Production,Webster Butler,39,Diversity Job Fair,Fully Meets,4.3,3,0,3/2/2013,0,19,2011,9,Sep,2.52,0
"Ndzi, Horia",10185,1,1,1,5,5,3,0,46664,1,19,Production Technician I,MA,2421,03/28/83,M,Married,US Citizen,No,White,2013-04-01,2016-05-25,More Money,Voluntarily Terminated,Production,Amy Dunn,11,Employee Referral,Fully Meets,3.18,3,0,3/6/2016,0,10,2013,4,Apr,3.15,0
"Newman, Richard ",10063,1,1,1,3,5,3,0,48495,0,19,Production Technician I,MA,2136,04/08/77,M,Married,US Citizen,No,White,2014-05-12,,Still Employed,Active,Production,Ketsia Liebig,19,Linkedin,Fully Meets,5.0,5,0,2/18/2019,0,11,2014,5,May,4.64,1
"Ngodup, Shari ",10037,0,3,0,1,5,4,1,52984,0,19,Production Technician I,MA,1810,06/03/67,F,Separated,US Citizen,No,Black Or African American,2013-04-01,,Still Employed,Active,Production,Brannon Miller,12,Diversity Job Fair,Exceeds,4.0,3,0,2/13/2019,0,12,2013,4,Apr,5.75,1
"Nguyen, Dheepa",10042,0,0,0,1,6,3,0,63695,0,3,Area Sales Manager,GA,30428,03/31/89,F,Single,US Citizen,No,Two Or More Races,2013-07-08,,Still Employed,Active,Sales,Lynn Daneault,21,Indeed,Fully Meets,5.0,5,0,1/25/2019,0,2,2013,7,Jul,5.48,1
"Nguyen, Lei-Ming",10206,0,0,0,1,5,3,0,62061,0,19,Production Technician I,MA,2132,07/07/84,F,Single,US Citizen,No,White,2013-07-08,,Still Employed,Active,Production,David Stanley,14,Linkedin,Fully Meets,3.6,5,0,1/2/2019,0,4,2013,7,Jul,5.48,1
"Nowlan, Kristie",10104,0,0,0,1,5,3,0,66738,0,20,Production Technician Ii,MA,1040,11/23/85,F,Single,US Citizen,No,White,2014-11-10,,Still Employed,Active,Production,Elijiah Gray,16,Indeed,Fully Meets,4.53,5,0,1/16/2019,0,5,2014,11,Nov,4.14,1
"O'hare, Lynn",10303,0,0,0,4,5,1,0,52674,1,19,Production Technician I,MA,2152,09/30/80,F,Single,US Citizen,No,Two Or More Races,2014-03-31,2018-05-01,Performance,Terminated For Cause,Production,Kissy Sullivan,20,Linkedin,Pip,2.33,2,0,3/9/2018,6,3,2014,3,Mar,4.08,0
"Oliver, Brooke ",10078,1,1,0,5,5,3,0,71966,1,20,Production Technician Ii,MA,2492,02/11/52,F,Married,US Citizen,No,Asian,2012-05-14,2013-08-19,Unhappy,Voluntarily Terminated,Production,Webster Butler,39,Linkedin,Fully Meets,5.0,3,0,7/2/2013,0,17,2012,5,May,1.26,0
"Onque, Jasmine",10121,0,0,0,1,6,3,0,63051,0,3,Area Sales Manager,FL,33174,05/11/90,F,Single,US Citizen,Yes,White,2013-09-30,,Still Employed,Active,Sales,Lynn Daneault,21,Indeed,Fully Meets,4.28,3,0,1/25/2019,0,1,2013,9,Sep,5.25,1
"Osturnka, Adeel",10021,1,1,1,1,5,4,0,47414,0,19,Production Technician I,MA,2478,12/11/76,M,Married,US Citizen,No,White,2013-09-30,,Still Employed,Active,Production,Kelley Spirea,18,Linkedin,Exceeds,5.0,3,0,2/7/2019,0,13,2013,9,Sep,5.25,1
"Owad, Clinton",10281,0,0,1,1,5,2,0,53060,0,19,Production Technician I,MA,1760,11/24/79,M,Single,US Citizen,No,Black Or African American,2014-02-17,,Still Employed,Active,Production,Michael Albert,22,Linkedin,Needs Improvement,4.25,3,0,2/4/2019,4,6,2014,2,Feb,4.87,1
"Ozark, Travis",10041,0,0,1,1,6,3,0,68829,0,3,Area Sales Manager,NC,27229,05/19/82,M,Single,US Citizen,No,White,2015-01-05,,Still Employed,Active,Sales,John Smith,17,Website,Fully Meets,5.0,5,0,1/14/2019,0,18,2015,1,Jan,3.99,1
"Panjwani, Nina",10148,1,1,0,5,5,3,0,63515,1,19,Production Technician I,MA,2351,05/01/79,F,Married,US Citizen,No,White,2011-02-07,2014-01-12,Another Position,Voluntarily Terminated,Production,Elijiah Gray,16,Google Search,Fully Meets,3.89,4,0,3/4/2013,0,7,2011,2,Feb,2.93,0
"Patronick, Lucas",10005,0,0,1,5,4,4,1,108987,1,24,Software Engineer,MA,1844,02/20/79,M,Single,US Citizen,No,Black Or African American,2011-11-07,2015-09-07,Another Position,Voluntarily Terminated,Software Engineering,Alex Sweetwater,10,Diversity Job Fair,Exceeds,5.0,5,3,8/16/2015,0,13,2011,11,Nov,3.83,0
"Pearson, Randall",10259,1,1,1,5,3,3,0,93093,1,9,Data Analyst,MA,2747,09/05/84,M,Married,US Citizen,No,White,2014-12-01,2016-05-01,Performance,Voluntarily Terminated,IT/IS,Simon Roup,4,Employee Referral,Fully Meets,4.7,4,5,1/16/2016,0,19,2014,12,Dec,1.42,0
"Smith, Martin",10286,0,0,1,5,5,2,0,53564,1,19,Production Technician I,MA,2458,03/17/88,M,Single,US Citizen,No,Black Or African American,2011-01-10,2017-12-28,Career Change,Voluntarily Terminated,Production,Webster Butler,39,Google Search,Needs Improvement,3.54,5,0,4/6/2017,4,15,2011,1,Jan,6.97,0
"Pelletier, Ermine",10297,1,1,0,5,5,2,0,60270,1,20,Production Technician Ii,MA,2472,07/18/89,F,Married,US Citizen,No,Asian,2011-07-05,2015-09-15,Unhappy,Voluntarily Terminated,Production,Amy Dunn,11,Careerbuilder,Needs Improvement,2.4,5,0,2/6/2015,5,2,2011,7,Jul,4.2,0
"Perry, Shakira",10171,0,0,0,5,5,3,0,45998,1,19,Production Technician I,MA,2176,07/20/86,F,Single,US Citizen,No,White,2011-05-16,2015-10-25,Medical Issues,Voluntarily Terminated,Production,Amy Dunn,11,Linkedin,Fully Meets,3.45,4,0,5/13/2014,0,5,2011,5,May,4.44,0
"Peters, Lauren",10032,1,1,0,5,5,4,0,57954,1,20,Production Technician Ii,MA,1886,08/17/86,F,Married,US Citizen,No,White,2011-05-16,2013-02-04,More Money,Voluntarily Terminated,Production,Ketsia Liebig,19,Indeed,Exceeds,4.2,5,0,1/10/2013,0,12,2011,5,May,1.72,0
"Peterson, Ebonee  ",10130,1,1,0,5,5,3,0,74669,1,18,Production Manager,MA,2030,05/09/77,F,Married,US Citizen,No,White,2010-10-25,2016-05-18,Another Position,Voluntarily Terminated,Production,Janet King,2,Indeed,Fully Meets,4.16,5,0,3/5/2015,0,6,2010,10,Oct,5.56,0
"Petingill, Shana  ",10217,1,1,0,1,5,3,0,74226,0,20,Production Technician Ii,MA,2050,03/10/79,F,Married,Eligible NonCitizen,No,Asian,2012-04-02,,Still Employed,Active,Production,Brannon Miller,12,Linkedin,Fully Meets,4.3,3,0,1/14/2019,0,14,2012,4,Apr,6.75,1
"Petrowsky, Thelma",10016,1,1,0,1,3,4,0,93554,0,9,Data Analyst,MA,1886,09/16/84,F,Married,US Citizen,No,Black Or African American,2014-11-10,,Still Employed,Active,IT/IS,Simon Roup,4,Employee Referral,Exceeds,4.6,5,7,1/4/2019,0,16,2014,11,Nov,4.14,1
"Pham, Hong",10050,1,1,1,5,5,3,0,64724,1,19,Production Technician I,MA,2451,03/06/88,M,Married,US Citizen,No,Asian,2011-07-05,2012-11-30,More Money,Voluntarily Terminated,Production,Brannon Miller,12,Google Search,Fully Meets,5.0,3,0,2/20/2012,0,13,2011,7,Jul,1.41,0
"Pitt, Brad ",10164,0,0,1,1,5,3,0,47001,0,19,Production Technician I,MA,2451,11/23/81,M,Single,US Citizen,No,White,2007-11-05,,Still Employed,Active,Production,David Stanley,14,Google Search,Fully Meets,3.66,3,0,2/25/2019,0,15,2007,11,Nov,11.16,1
"Potts, Xana",10124,1,1,0,1,6,3,0,61844,0,3,Area Sales Manager,KY,40220,08/29/88,F,Married,US Citizen,No,Black Or African American,2012-01-09,,Still Employed,Active,Sales,Lynn Daneault,21,Website,Fully Meets,4.2,5,0,2/1/2019,0,9,2012,1,Jan,6.98,1
"Power, Morissa",10187,0,2,0,5,5,3,0,46799,1,19,Production Technician I,MA,1742,10/15/84,F,Divorced,Eligible NonCitizen,No,Asian,2011-05-16,2018-06-04,Another Position,Voluntarily Terminated,Production,Kissy Sullivan,20,Google Search,Fully Meets,3.17,4,0,4/2/2018,0,14,2011,5,May,7.05,0
"Punjabhi, Louis  ",10225,0,0,1,1,5,3,0,59472,0,19,Production Technician I,MA,2109,06/19/61,M,Single,US Citizen,No,White,2014-01-06,,Still Employed,Active,Production,Kelley Spirea,18,Employee Referral,Fully Meets,4.8,3,0,1/7/2019,0,14,2014,1,Jan,4.99,1
"Purinton, Janine",10262,0,2,0,5,5,3,0,46430,1,19,Production Technician I,MA,2474,09/22/70,F,Divorced,US Citizen,No,White,2012-09-24,2013-06-18,Unhappy,Voluntarily Terminated,Production,Kissy Sullivan,20,Indeed,Fully Meets,4.5,5,0,4/2/2013,0,16,2012,9,Sep,0.73,0
"Quinn, Sean",10131,1,1,1,5,1,3,1,83363,1,23,Software Engineer,MA,2045,11/06/84,M,Married,Eligible NonCitizen,No,Black Or African American,2011-02-21,2015-08-15,Career Change,Voluntarily Terminated,Software Engineering,Janet King,2,Diversity Job Fair,Fully Meets,4.15,4,0,4/19/2014,0,4,2011,2,Feb,4.48,0
"Rachael, Maggie",10239,1,1,0,1,3,3,0,95920,0,4,Bi Developer,MA,2110,05/12/80,F,Married,US Citizen,No,Black Or African American,2016-10-02,,Still Employed,Active,IT/IS,Brian Champaigne,13,Indeed,Fully Meets,4.4,4,6,2/6/2019,0,10,2016,10,Oct,2.25,1
"Rarrick, Quinn",10152,0,2,1,5,5,3,0,61729,1,19,Production Technician I,MA,2478,12/31/84,M,Divorced,US Citizen,No,White,2011-09-26,2018-04-07,More Money,Voluntarily Terminated,Production,Michael Albert,22,Indeed,Fully Meets,3.8,5,0,2/4/2018,0,19,2011,9,Sep,6.53,0
"Ren, Kylo",10140,1,1,1,1,6,3,0,61809,0,3,Area Sales Manager,ID,83706,10/12/54,M,Married,US Citizen,No,White,2014-05-12,,Still Employed,Active,Sales,John Smith,17,Careerbuilder,Fully Meets,3.98,3,0,1/28/2019,0,4,2014,5,May,4.64,1
"Rhoads, Thomas",10058,0,2,1,5,5,3,0,45115,1,19,Production Technician I,MA,2176,07/22/82,M,Divorced,US Citizen,Yes,White,2011-05-16,2016-01-15,Retiring,Voluntarily Terminated,Production,Elijiah Gray,16,Linkedin,Fully Meets,5.0,4,0,3/30/2015,0,11,2011,5,May,4.67,0
"Rivera, Haley  ",10011,1,1,0,1,5,4,0,46738,0,19,Production Technician I,MA,2171,01/12/73,F,Married,US Citizen,No,Asian,2011-11-28,,Still Employed,Active,Production,Webster Butler,39,Google Search,Exceeds,4.36,5,0,2/11/2019,0,16,2011,11,Nov,7.09,1
"Roberson, May",10230,0,2,0,5,5,3,0,64971,1,20,Production Technician Ii,MA,1902,09/05/81,F,Divorced,Eligible NonCitizen,No,Black Or African American,2011-09-26,2011-10-22,Return To School,Voluntarily Terminated,Production,David Stanley,14,Google Search,Fully Meets,4.5,4,0,10/22/2011,0,10,2011,9,Sep,0.07,0
"Robertson, Peter",10224,1,1,1,5,5,3,0,55578,1,20,Production Technician Ii,MA,2138,07/03/72,M,Married,US Citizen,No,White,2011-07-05,2012-02-08,Another Position,Voluntarily Terminated,Production,Kissy Sullivan,20,Indeed,Fully Meets,4.2,5,0,1/6/2012,0,13,2011,7,Jul,0.6,0
"Robinson, Alain  ",10047,1,1,1,5,5,3,0,50428,1,19,Production Technician I,MA,1420,01/07/74,M,Married,US Citizen,No,Black Or African American,2011-01-10,2016-01-26,Attendance,Voluntarily Terminated,Production,Amy Dunn,11,Indeed,Fully Meets,5.0,3,0,1/10/2015,0,11,2011,1,Jan,5.04,0
"Robinson, Cherly",10285,1,1,0,4,5,2,0,61422,1,19,Production Technician I,MA,1460,01/07/85,F,Married,US Citizen,No,White,2011-01-10,2016-05-17,Attendance,Terminated For Cause,Production,Ketsia Liebig,19,Indeed,Needs Improvement,3.6,3,0,4/5/2016,4,16,2011,1,Jan,5.35,0
"Robinson, Elias",10020,0,4,1,1,5,4,0,63353,0,19,Production Technician I,MA,1730,01/28/85,M,Widowed,US Citizen,No,White,2013-07-08,,Still Employed,Active,Production,Brannon Miller,12,Employee Referral,Exceeds,3.6,5,0,2/11/2019,0,4,2013,7,Jul,5.48,1
"Roby, Lori ",10162,1,1,0,1,3,3,0,89883,0,9,Data Analyst,MA,1886,10/11/81,F,Married,US Citizen,No,White,2015-02-16,,Still Employed,Active,IT/IS,Simon Roup,4,Employee Referral,Fully Meets,3.69,5,6,2/14/2019,0,15,2015,2,Feb,3.87,1
"Roehrich, Bianca",10149,0,0,0,5,3,3,0,120000,1,29,Principal Data Architect,MA,2703,05/27/73,F,Single,US Citizen,Yes,White,2015-01-05,2018-11-10,Another Position,Voluntarily Terminated,IT/IS,Simon Roup,4,Linkedin,Fully Meets,3.88,3,7,2/13/2018,0,12,2015,1,Jan,3.85,0
"Roper, Katie",10086,0,0,0,1,3,3,0,150290,0,7,Data Architect,MA,2056,11/21/72,F,Single,US Citizen,No,Black Or African American,2017-01-07,,Still Employed,Active,IT/IS,Brian Champaigne,13,Indeed,Fully Meets,4.94,3,5,2/6/2019,0,17,2017,1,Jan,1.98,1
"Rose, Ashley  ",10054,0,3,0,1,5,3,0,60627,0,19,Production Technician I,MA,1886,12/05/74,F,Separated,US Citizen,No,White,2014-01-06,,Still Employed,Active,Production,David Stanley,14,Website,Fully Meets,5.0,4,0,1/31/2019,0,8,2014,1,Jan,4.99,1
"Rossetti, Bruno",10065,0,0,1,5,5,3,0,53180,1,19,Production Technician I,MA,2155,03/18/87,M,Single,US Citizen,No,White,2011-04-04,2018-08-13,Another Position,Voluntarily Terminated,Production,Kissy Sullivan,20,Google Search,Fully Meets,5.0,5,0,7/2/2018,0,4,2011,4,Apr,7.36,0
"Roup,Simon",10198,0,0,1,1,3,3,0,140920,0,13,It Manager - Db,MA,2481,04/05/73,M,Single,US Citizen,No,White,2013-01-20,,Still Employed,Active,IT/IS,Jennifer Zamora,5,Indeed,Fully Meets,3.6,5,7,2/18/2019,0,13,2013,1,Jan,5.95,1
"Ruiz, Ricardo",10222,0,2,1,5,3,3,1,148999,1,13,It Manager - Db,MA,1915,01/04/64,M,Divorced,US Citizen,No,Black Or African American,2012-01-09,2015-11-04,Hours,Voluntarily Terminated,IT/IS,Jennifer Zamora,5,Diversity Job Fair,Fully Meets,4.3,4,6,1/4/2015,0,8,2012,1,Jan,3.82,0
"Saada, Adell",10126,1,1,0,1,4,3,0,86214,0,24,Software Engineer,MA,2132,07/24/86,F,Married,US Citizen,No,White,2012-11-05,,Still Employed,Active,Software Engineering,Alex Sweetwater,10,Indeed,Fully Meets,4.2,3,6,2/13/2019,0,2,2012,11,Nov,6.15,1
"Saar-Beckles, Melinda",10295,0,0,0,2,5,2,1,47750,0,19,Production Technician I,MA,1801,06/06/68,F,Single,US Citizen,No,Black Or African American,2016-07-04,,Still Employed,Active,Production,Kelley Spirea,18,Diversity Job Fair,Needs Improvement,2.6,4,0,2/18/2019,5,4,2016,7,Jul,2.49,1
"Sadki, Nore  ",10260,0,0,1,5,5,3,0,46428,1,19,Production Technician I,MA,2148,12/21/74,M,Single,US Citizen,No,White,2009-01-05,2018-07-30,Relocation Out Of Area,Voluntarily Terminated,Production,Michael Albert,22,Google Search,Fully Meets,4.6,5,0,2/5/2018,0,7,2009,1,Jan,9.56,0
"Sahoo, Adil",10233,1,1,1,1,5,3,0,57975,0,20,Production Technician Ii,MA,2062,04/26/86,M,Married,US Citizen,No,White,2010-08-30,,Still Employed,Active,Production,Kelley Spirea,18,Careerbuilder,Fully Meets,4.1,3,0,1/10/2019,0,13,2010,8,Aug,8.34,1
"Salter, Jason",10229,0,2,1,5,3,3,0,88527,1,9,Data Analyst,MA,2452,12/17/87,M,Divorced,US Citizen,No,Black Or African American,2015-01-05,2015-10-31,Hours,Voluntarily Terminated,IT/IS,Simon Roup,4,Linkedin,Fully Meets,4.2,3,5,4/20/2015,0,2,2015,1,Jan,0.82,0
"Sander, Kamrin",10169,1,1,0,1,5,3,0,56147,0,19,Production Technician I,MA,2154,07/10/88,F,Married,US Citizen,No,Black Or African American,2014-09-29,,Still Employed,Active,Production,Elijiah Gray,16,Linkedin,Fully Meets,3.51,3,0,2/18/2019,0,2,2014,9,Sep,4.26,1
"Sewkumar, Nori",10071,0,0,0,3,5,3,0,50923,0,19,Production Technician I,MA,2191,03/10/75,F,Single,US Citizen,No,Asian,2013-09-30,,Still Employed,Active,Production,Webster Butler,39,Google Search,Fully Meets,5.0,5,0,2/6/2019,0,14,2013,9,Sep,5.25,1
"Shepard, Anita ",10179,1,1,0,1,3,3,0,50750,0,15,Network Engineer,MA,1773,04/14/81,F,Married,US Citizen,No,White,2014-09-30,,Still Employed,Active,IT/IS,Peter Monroe,7,Linkedin,Fully Meets,3.31,3,6,1/7/2019,0,7,2014,9,Sep,4.25,1
"Shields, Seffi",10091,1,1,0,1,5,3,0,52087,0,19,Production Technician I,MA,2149,08/24/85,F,Married,US Citizen,No,White,2013-08-19,,Still Employed,Active,Production,Amy Dunn,11,Linkedin,Fully Meets,4.81,4,0,2/15/2019,0,15,2013,8,Aug,5.37,1
"Simard, Kramer",10178,1,1,1,1,3,3,0,87826,0,9,Data Analyst,MA,2110,02/08/70,M,Married,US Citizen,Yes,White,2015-01-05,,Still Employed,Active,IT/IS,Simon Roup,4,Employee Referral,Fully Meets,3.32,3,7,1/14/2019,0,16,2015,1,Jan,3.99,1
"Singh, Nan ",10039,0,0,0,1,1,3,0,51920,0,2,Administrative Assistant,MA,2330,05/19/88,F,Single,US Citizen,No,White,2015-05-01,,Still Employed,Active,Admin Offices,Brandon R. Leblanc,1,Website,Fully Meets,5.0,3,5,1/15/2019,0,2,2015,5,May,3.67,1
"Sloan, Constance",10095,0,0,0,5,5,3,0,63878,1,20,Production Technician Ii,MA,1851,11/25/87,F,Single,US Citizen,No,White,2009-10-26,2015-04-08,Maternity Leave - Did Not Return,Voluntarily Terminated,Production,Michael Albert,22,Careerbuilder,Fully Meets,4.68,4,0,4/2/2015,0,20,2009,10,Oct,5.45,0
"Smith, Joe",10027,0,0,1,1,5,4,0,60656,0,20,Production Technician Ii,MA,2045,10/30/63,M,Single,US Citizen,No,White,2014-09-29,,Still Employed,Active,Production,Elijiah Gray,16,Indeed,Exceeds,4.3,3,0,1/28/2019,0,4,2014,9,Sep,4.26,1
"Smith, John",10291,0,2,1,1,6,2,1,72992,0,21,Sales Manager,MA,1886,08/16/84,M,Divorced,US Citizen,No,Black Or African American,2014-05-18,,Still Employed,Active,Sales,Debra Houlihan,15,Diversity Job Fair,Needs Improvement,2.4,4,0,1/16/2019,2,16,2014,5,May,4.62,1
"Smith, Leigh Ann",10153,1,1,0,5,1,3,1,55000,1,2,Administrative Assistant,MA,1844,06/14/87,F,Married,US Citizen,No,Black Or African American,2011-09-26,2013-09-25,Career Change,Voluntarily Terminated,Admin Offices,Brandon R. Leblanc,1,Diversity Job Fair,Fully Meets,3.8,4,4,8/15/2013,0,17,2011,9,Sep,2.0,0
"Smith, Sade",10157,0,0,0,1,5,3,0,58939,0,19,Production Technician I,MA,2130,02/02/65,F,Single,US Citizen,No,White,2013-11-11,,Still Employed,Active,Production,Ketsia Liebig,19,Employee Referral,Fully Meets,3.73,3,0,1/24/2019,0,16,2013,11,Nov,5.14,1
"Soto, Julia ",10119,1,1,0,1,3,3,0,66593,0,14,It Support,MA,2360,03/12/73,F,Married,US Citizen,No,Black Or African American,2011-06-10,,Still Employed,Active,IT/IS,Eric Dougall,6,Linkedin,Fully Meets,4.3,3,5,2/8/2019,0,19,2011,6,Jun,7.56,1
"Soze, Keyser",10180,1,1,1,2,3,3,0,87565,0,28,Sr. Network Engineer,MA,1545,02/09/83,M,Married,US Citizen,No,Asian,2016-06-30,,Still Employed,Active,IT/IS,Peter Monroe,7,Linkedin,Fully Meets,3.27,4,5,1/14/2019,0,13,2016,6,Jun,2.51,1
"Sparks, Taylor  ",10302,1,1,0,1,5,1,0,64021,0,19,Production Technician I,MA,2093,07/20/68,F,Married,US Citizen,No,White,2012-02-20,,Still Employed,Active,Production,Brannon Miller,12,Indeed,Pip,2.4,2,1,2/25/2019,6,20,2012,2,Feb,6.86,1
"Spirea, Kelley",10090,1,1,0,1,5,3,0,65714,0,18,Production Manager,MA,2451,09/30/75,F,Married,US Citizen,No,White,2012-10-02,,Still Employed,Active,Production,Janet King,2,Linkedin,Fully Meets,4.83,5,0,2/14/2019,0,15,2012,10,Oct,6.25,1
"Squatrito, Kristen",10030,0,2,0,5,5,4,0,62425,1,19,Production Technician I,MA,2359,03/26/73,F,Divorced,US Citizen,No,White,2013-05-13,2015-06-29,Unhappy,Voluntarily Terminated,Production,David Stanley,14,Linkedin,Exceeds,4.1,4,0,3/2/2015,0,16,2013,5,May,2.13,0
"Stanford,Barbara  M",10278,0,2,0,1,5,3,0,47961,0,19,Production Technician I,MA,2050,08/25/82,F,Divorced,US Citizen,No,Two Or More Races,2011-01-10,,Still Employed,Active,Production,Kissy Sullivan,20,Google Search,Fully Meets,4.1,4,0,2/7/2019,0,9,2011,1,Jan,7.98,1
"Stansfield, Norman",10307,1,1,1,1,6,1,0,58273,0,3,Area Sales Manager,NV,89139,05/09/74,M,Married,US Citizen,No,White,2014-05-12,,Still Employed,Active,Sales,Lynn Daneault,21,Website,Pip,1.81,2,0,1/17/2019,3,5,2014,5,May,4.64,1
"Steans, Tyrone  ",10147,0,0,1,1,1,3,0,63003,0,1,Accountant I,MA,2703,09/01/86,M,Single,US Citizen,No,White,2014-09-29,,Still Employed,Active,Admin Offices,Brandon R. Leblanc,1,Indeed,Fully Meets,3.9,5,5,1/18/2019,0,9,2014,9,Sep,4.26,1
"Stoica, Rick",10266,1,1,1,1,5,3,0,61355,0,19,Production Technician I,MA,2301,03/14/85,M,Married,US Citizen,No,Asian,2014-02-17,,Still Employed,Active,Production,Kelley Spirea,18,Linkedin,Fully Meets,4.7,3,0,1/11/2019,0,4,2014,2,Feb,4.87,1
"Strong, Caitrin",10241,1,1,0,1,6,3,0,60120,0,3,Area Sales Manager,MT,59102,05/12/89,F,Married,US Citizen,No,Black Or African American,2010-09-27,,Still Employed,Active,Sales,John Smith,17,Indeed,Fully Meets,4.1,4,0,1/31/2019,0,18,2010,9,Sep,8.26,1
"Sullivan, Kissy ",10158,1,1,0,1,5,3,0,63682,0,18,Production Manager,MA,1776,03/28/78,F,Married,US Citizen,No,Black Or African American,2009-01-08,,Still Employed,Active,Production,Janet King,2,Indeed,Fully Meets,3.73,4,0,1/24/2019,0,12,2009,1,Jan,9.98,1
"Sullivan, Timothy",10117,1,1,1,1,5,3,0,63025,0,19,Production Technician I,MA,2747,10/07/82,M,Married,US Citizen,Yes,White,2015-01-05,,Still Employed,Active,Production,Michael Albert,22,Google Search,Fully Meets,4.36,5,0,1/24/2019,0,10,2015,1,Jan,3.99,1
"Sutwell, Barbara",10209,0,0,0,1,5,3,0,59238,0,19,Production Technician I,MA,2718,08/15/68,F,Single,Eligible NonCitizen,No,Asian,2012-05-14,,Still Employed,Active,Production,Elijiah Gray,16,Indeed,Fully Meets,3.4,5,0,1/31/2019,0,13,2012,5,May,6.63,1
"Szabo, Andrew",10024,0,0,1,1,4,4,0,92989,0,24,Software Engineer,MA,2140,05/06/83,M,Single,US Citizen,No,White,2014-07-07,,Still Employed,Active,Software Engineering,Alex Sweetwater,10,Linkedin,Exceeds,4.5,5,5,2/18/2019,0,1,2014,7,Jul,4.49,1
"Tannen, Biff",10173,1,1,1,1,3,3,0,90100,0,4,Bi Developer,MA,2134,10/24/87,M,Married,US Citizen,No,White,2017-04-20,,Still Employed,Active,IT/IS,Brian Champaigne,13,Indeed,Fully Meets,3.4,3,6,1/2/2019,0,14,2017,4,Apr,1.7,1
"Tavares, Desiree  ",10221,1,1,0,5,5,3,1,60754,1,19,Production Technician I,MA,1801,04/03/75,F,Married,Non-Citizen,No,Black Or African American,2009-04-27,2013-04-01,Another Position,Voluntarily Terminated,Production,Webster Butler,39,Diversity Job Fair,Fully Meets,4.5,5,0,2/15/2012,0,11,2009,4,Apr,3.93,0
"Tejeda, Lenora ",10146,1,1,0,5,5,3,0,72202,1,20,Production Technician Ii,MA,2129,05/24/53,F,Married,US Citizen,No,White,2011-05-16,2017-07-08,Another Position,Voluntarily Terminated,Production,Elijiah Gray,16,Google Search,Fully Meets,3.93,3,0,4/18/2017,0,3,2011,5,May,6.15,0
"Terry, Sharlene ",10161,0,0,0,1,6,3,0,58370,0,3,Area Sales Manager,OR,97756,05/07/65,F,Single,US Citizen,No,Black Or African American,2014-09-29,,Still Employed,Active,Sales,Lynn Daneault,21,Indeed,Fully Meets,3.69,3,0,1/28/2019,0,18,2014,9,Sep,4.26,1
"Theamstern, Sophia",10141,0,0,0,5,5,3,0,48413,1,19,Production Technician I,MA,2066,05/09/65,F,Single,US Citizen,No,White,2011-07-05,2016-09-05,Return To School,Voluntarily Terminated,Production,Amy Dunn,11,Indeed,Fully Meets,3.98,4,0,3/2/2016,0,1,2011,7,Jul,5.17,0
"Thibaud, Kenneth",10268,0,4,1,5,5,3,0,67176,1,20,Production Technician Ii,MA,2472,09/16/75,M,Widowed,US Citizen,No,White,2007-06-25,2010-08-30,Military,Voluntarily Terminated,Production,Webster Butler,39,Other,Fully Meets,4.1,4,0,7/14/2010,0,15,2007,6,Jun,3.18,0
"Tippett, Jeanette",10123,0,2,0,1,5,3,0,56339,0,19,Production Technician I,MA,2093,06/05/67,F,Divorced,US Citizen,No,Black Or African American,2013-02-18,,Still Employed,Active,Production,Brannon Miller,12,Indeed,Fully Meets,4.21,5,0,1/14/2019,0,4,2013,2,Feb,5.87,1
"Torrence, Jack",10013,0,3,1,1,6,4,0,64397,0,3,Area Sales Manager,ND,58782,01/15/68,M,Separated,US Citizen,No,White,2006-01-09,,Still Employed,Active,Sales,Lynn Daneault,21,Indeed,Exceeds,4.1,3,0,1/4/2019,0,6,2006,1,Jan,12.98,1
"Trang, Mei",10287,0,0,0,1,5,2,0,63025,0,19,Production Technician I,MA,2021,05/16/83,F,Single,US Citizen,No,White,2014-02-17,,Still Employed,Active,Production,David Stanley,14,Linkedin,Needs Improvement,2.44,5,0,2/11/2019,4,18,2014,2,Feb,4.87,1
"Tredinnick, Neville ",10044,1,1,1,5,3,3,0,75281,1,15,Network Engineer,MA,1420,05/05/88,M,Married,US Citizen,No,White,2015-01-05,2016-02-12,Medical Issues,Voluntarily Terminated,IT/IS,Peter Monroe,7,Careerbuilder,Fully Meets,5.0,3,5,4/15/2015,0,11,2015,1,Jan,1.1,0
"True, Edward",10102,0,0,1,5,4,3,1,100416,1,24,Software Engineer,MA,2451,06/14/83,M,Single,Non-Citizen,No,Black Or African American,2013-02-18,2018-04-15,Medical Issues,Voluntarily Terminated,Software Engineering,Alex Sweetwater,10,Diversity Job Fair,Fully Meets,4.6,3,4,2/12/2017,0,9,2013,2,Feb,5.15,0
"Trzeciak, Cybil",10270,0,0,0,5,5,3,0,74813,1,20,Production Technician Ii,MA,1778,03/15/85,F,Single,US Citizen,No,White,2011-01-10,2014-07-02,Unhappy,Voluntarily Terminated,Production,Amy Dunn,11,Linkedin,Fully Meets,4.4,3,0,1/5/2014,0,5,2011,1,Jan,3.47,0
"Turpin, Jumil",10045,1,1,1,1,3,3,0,76029,0,15,Network Engineer,MA,2343,03/31/69,M,Married,Eligible NonCitizen,No,White,2015-03-30,,Still Employed,Active,IT/IS,Peter Monroe,7,Employee Referral,Fully Meets,5.0,4,7,1/14/2019,0,8,2015,3,Mar,3.76,1
"Valentin,Jackie",10205,1,1,0,1,6,3,0,57859,0,3,Area Sales Manager,AZ,85006,05/23/91,F,Married,US Citizen,No,Two Or More Races,2011-07-05,,Still Employed,Active,Sales,John Smith,17,Indeed,Fully Meets,2.81,3,0,1/17/2019,0,16,2011,7,Jul,7.49,1
"Veera, Abdellah ",10014,0,2,1,5,5,4,0,58523,1,19,Production Technician I,MA,2171,01/31/87,M,Divorced,US Citizen,No,White,2012-08-13,2016-02-05,Maternity Leave - Did Not Return,Voluntarily Terminated,Production,Kissy Sullivan,20,Linkedin,Exceeds,4.5,5,0,2/1/2016,0,15,2012,8,Aug,3.48,0
"Vega, Vincent",10144,0,2,1,1,5,3,0,88976,0,17,Production Manager,MA,2169,10/10/68,M,Divorced,US Citizen,No,White,2011-08-01,,Still Employed,Active,Production,Janet King,2,Employee Referral,Fully Meets,3.93,3,0,2/27/2019,0,19,2011,8,Aug,7.42,1
"Villanueva, Noah",10253,0,0,1,1,6,3,0,55875,0,3,Area Sales Manager,ME,4063,07/11/89,M,Single,US Citizen,No,Asian,2012-03-05,,Still Employed,Active,Sales,John Smith,17,Website,Fully Meets,4.5,4,0,1/18/2019,0,11,2012,3,Mar,6.83,1
"Voldemort, Lord",10118,1,1,1,4,3,3,0,113999,1,8,Database Administrator,MA,1960,08/07/86,M,Married,US Citizen,No,Black Or African American,2015-02-16,2017-02-22,"No-Call, No-Show",Terminated For Cause,IT/IS,Simon Roup,4,Employee Referral,Fully Meets,4.33,3,7,2/15/2017,0,9,2015,2,Feb,2.02,0
"Volk, Colleen",10022,1,1,0,4,5,4,0,49773,1,19,Production Technician I,MA,2747,06/03/86,F,Married,US Citizen,No,White,2011-09-26,2016-02-08,Gross Misconduct,Terminated For Cause,Production,Kelley Spirea,18,Google Search,Exceeds,4.3,5,0,2/1/2015,0,18,2011,9,Sep,4.37,0
"Von Massenbach, Anna",10183,0,0,0,2,5,3,0,62068,0,19,Production Technician I,MA,2124,04/06/85,F,Single,US Citizen,No,White,2015-07-05,,Still Employed,Active,Production,Michael Albert,22,Linkedin,Fully Meets,3.21,3,0,1/29/2019,0,7,2015,7,Jul,3.49,1
"Walker, Roger",10190,0,0,1,1,5,3,0,66541,0,20,Production Technician Ii,MA,2459,02/10/76,M,Single,US Citizen,No,Black Or African American,2014-08-18,,Still Employed,Active,Production,Ketsia Liebig,19,Employee Referral,Fully Meets,3.11,5,0,2/12/2019,0,4,2014,8,Aug,4.37,1
"Wallace, Courtney  E",10274,1,1,0,5,5,3,1,80512,1,18,Production Manager,MA,2478,11/14/55,F,Married,US Citizen,No,Black Or African American,2011-09-26,2012-01-02,Another Position,Voluntarily Terminated,Production,Janet King,2,Diversity Job Fair,Fully Meets,4.5,3,0,1/2/2012,0,5,2011,9,Sep,0.27,0
"Wallace, Theresa",10293,0,0,0,5,5,2,0,50274,1,19,Production Technician I,MA,1887,08/02/80,F,Single,US Citizen,No,White,2012-08-13,2015-09-01,Career Change,Voluntarily Terminated,Production,Elijiah Gray,16,Careerbuilder,Needs Improvement,2.5,3,0,9/5/2014,6,13,2012,8,Aug,3.05,0
"Wang, Charlie",10172,0,0,1,1,3,3,0,84903,0,22,Senior Bi Developer,MA,1887,07/08/81,M,Single,US Citizen,No,Asian,2017-02-15,,Still Employed,Active,IT/IS,Brian Champaigne,13,Indeed,Fully Meets,3.42,4,7,1/4/2019,0,17,2017,2,Feb,1.88,1
"Warfield, Sarah",10127,0,4,0,1,3,3,0,107226,0,28,Sr. Network Engineer,MA,2453,05/02/78,F,Widowed,US Citizen,No,Asian,2015-03-30,,Still Employed,Active,IT/IS,Peter Monroe,7,Employee Referral,Fully Meets,4.2,4,8,2/5/2019,0,7,2015,3,Mar,3.76,1
"Whittier, Scott",10072,0,0,1,5,5,3,0,58371,1,19,Production Technician I,MA,2030,05/24/87,M,Single,US Citizen,Yes,White,2011-01-10,2014-05-15,Hours,Voluntarily Terminated,Production,Webster Butler,39,Linkedin,Fully Meets,5.0,5,0,5/15/2014,0,11,2011,1,Jan,3.34,0
"Wilber, Barry",10048,1,1,1,5,5,3,0,55140,1,19,Production Technician I,MA,2324,09/09/65,M,Married,Eligible NonCitizen,No,White,2011-05-16,2015-09-07,Unhappy,Voluntarily Terminated,Production,Amy Dunn,11,Website,Fully Meets,5.0,3,0,2/15/2015,0,7,2011,5,May,4.31,0
"Wilkes, Annie",10204,0,2,0,5,5,3,0,58062,1,19,Production Technician I,MA,1876,07/30/83,F,Divorced,US Citizen,No,White,2011-01-10,2012-05-14,Another Position,Voluntarily Terminated,Production,Ketsia Liebig,19,Google Search,Fully Meets,3.6,5,0,2/6/2011,0,9,2011,1,Jan,1.34,0
"Williams, Jacquelyn  ",10264,0,0,0,5,5,3,1,59728,1,19,Production Technician I,MA,2109,10/02/69,F,Single,US Citizen,Yes,Black Or African American,2012-01-09,2015-06-27,Relocation Out Of Area,Voluntarily Terminated,Production,Ketsia Liebig,19,Diversity Job Fair,Fully Meets,4.3,4,0,6/2/2014,0,16,2012,1,Jan,3.46,0
"Winthrop, Jordan  ",10033,0,0,1,5,5,4,0,70507,1,20,Production Technician Ii,MA,2045,11/07/58,M,Single,US Citizen,No,White,2013-01-07,2016-02-21,Retiring,Voluntarily Terminated,Production,Brannon Miller,12,Linkedin,Exceeds,5.0,3,0,1/19/2016,0,7,2013,1,Jan,3.12,0
"Wolk, Hang  T",10174,0,0,0,1,5,3,0,60446,0,20,Production Technician Ii,MA,2302,04/20/85,F,Single,US Citizen,No,White,2014-09-29,,Still Employed,Active,Production,David Stanley,14,Linkedin,Fully Meets,3.4,4,0,2/21/2019,0,14,2014,9,Sep,4.26,1
"Woodson, Jason",10135,0,0,1,1,5,3,0,65893,0,20,Production Technician Ii,MA,1810,05/11/85,M,Single,US Citizen,No,White,2014-07-07,,Still Employed,Active,Production,Kissy Sullivan,20,Linkedin,Fully Meets,4.07,4,0,2/28/2019,0,13,2014,7,Jul,4.49,1
"Ybarra, Catherine ",10301,0,0,0,5,5,1,0,48513,1,19,Production Technician I,MA,2458,05/04/82,F,Single,US Citizen,No,Asian,2008-09-02,2015-09-29,Another Position,Voluntarily Terminated,Production,Brannon Miller,12,Google Search,Pip,3.2,2,0,9/2/2015,5,4,2008,9,Sep,7.07,0
"Zamora, Jennifer",10010,0,0,0,1,3,4,0,220450,0,6,Cio,MA,2067,08/30/79,F,Single,US Citizen,No,White,2010-04-10,,Still Employed,Active,IT/IS,Janet King,2,Employee Referral,Exceeds,4.6,5,6,2/21/2019,0,16,2010,4,Apr,8.73,1
"Zhou, Julia",10043,0,0,0,1,3,3,0,89292,0,9,Data Analyst,MA,2148,02/24/79,F,Single,US Citizen,No,White,2015-03-30,,Still Employed,Active,IT/IS,Simon Roup,4,Employee Referral,Fully Meets,5.0,3,5,2/1/2019,0,11,2015,3,Mar,3.76,1
"Zima, Colleen",10271,0,4,0,1,5,3,0,45046,0,19,Production Technician I,MA,1730,08/17/78,F,Widowed,US Citizen,No,Asian,2014-09-29,,Still Employed,Active,Production,David Stanley,14,Linkedin,Fully Meets,4.5,5,0,1/30/2019,0,2,2014,9,Sep,4.26,1
